similarity_strength,CV_cell,CV_similarity_strength
0.0374653404316957,-0.160121650316065,-1.06101078234312
0.041384320233334,-0.177414571820923,-0.0701478391636706
0.0384493837159628,0.339600399460554,-0.812208268878435
0.0425398306516885,1.89985537232214,0.222007903391234
0.044490050137678,0.795529553613595,0.715095471468431
0.0423520719263266,1.40080242858253,0.17453555787367
0.033472649731723,-1.18972546068124,-2.07051056504836
0.0436333848711372,0.4188836877853,0.498498828901046
0.0377656926988885,0.152222525120305,-0.985070627883295
0.0390682305938101,-1.97987217693399,-0.655740904972957
0.045225468201176,0.44781045496534,0.901036339691422
0.0457118640227719,0.954674062085422,1.02401518105599
0.0386555023788348,-0.765622468377583,-0.760093852557079
0.03748284224469,0.582268148274596,-1.05658567713404
0.0384480488561333,-1.10591472045507,-0.812545770781067
0.0373049182570951,-1.61504787331417,-1.10157143744258
0.0468129447752975,1.16361931790677,1.30240909231568
0.0408957229237556,-0.404575647822737,-0.193683298059363
0.0427381132433275,0.084410757237344,0.272141071276034
0.0400863605032406,-0.412796806165551,-0.398320032791985
0.0439109466965287,0.886748162477666,0.568676717316476
0.0384726347362354,0.374890704466884,-0.806329551573098
0.0434336892718241,1.18778509632924,0.448008400450079
0.040649651013451,0.376570669198179,-0.255899372042771
0.0444833161161432,-0.153741135197654,0.713392861928412
0.0426654682311202,0.270815347169542,0.253773727159344
0.0440960979136299,0.705480037724891,0.615489788369668
0.0384632967754732,0.367535253561118,-0.808690533193926
0.0474269054393743,0.540024439880441,1.45764104078073
0.041832392368276,-0.362966384541138,0.0431413577338963
0.0422786595020998,0.1018857621354,0.155974183634163
0.043344263325686,-0.680591446050601,0.425398215995968
0.0353945451744762,-2.61337541155608,-1.58458436198564
0.0463075702070115,0.0613364521729796,1.17463172231479
0.0413178148796795,-0.41012759485173,-0.0869628506704245
0.0381167673625756,-0.0052125661635381,-0.896305976840372
0.0419904592239134,-0.0253396041629511,0.083106501144572
0.0472782303778243,-0.051432159366506,1.42005049004526
0.037784666567367,-0.254764700987334,-0.980273332639207
0.0318903097358085,0.940392142766337,-2.47058460084897
0.0355412935689814,-1.08896547130835,-1.54748094389058
0.0383145518051522,0.949916171754378,-0.846298759450622
0.0431229510882289,0.771688111267954,0.369442302450125
0.0423044662756017,-1.64038121949137,0.162499089819012
0.0461115848244279,1.0465398811805,1.1250793737863
0.0344823215562458,-2.51308811560186,-1.81522820935117
0.0499747501265718,1.00553259569296,2.1018303485351
0.0420593633333435,-0.508027380597545,0.100528006771761
0.0454228770495891,-0.146826891857968,0.950948592994304
0.0403691971968095,0.220659790573016,-0.326808462737033
0.0463648223981032,0.626537525760269,1.18910719231974
0.0353718223904513,-1.2437325616935,-1.59032952164347
0.0455813129881348,1.23153071273566,0.991007054205848
0.0432944320267575,-0.408055581328981,0.412799021813311
0.0353925712532073,-1.16296929356112,-1.58508344224048
0.0454219960332279,1.290175035313,0.95072583949497
0.047405185666142,0.705480037724892,1.45214947932356
0.0413790388732913,-0.854557467809679,-0.0714831621866786
0.0427877087203114,0.255444063324993,0.284680640954881
0.0446581109905943,0.145886539540687,0.757587466779116
0.0374868537418439,-0.278472937059074,-1.05557142238466
0.0434692053808134,1.20485252398154,0.456988185512709
0.0427670305922509,-1.21294669188845,0.279452445897349
0.0396798686952817,-1.97987217693399,-0.501096186178671
0.0412531068830943,-0.111676473873454,-0.103323423877986
0.0432184129404512,1.57898764768863,0.393578587055335
0.0395339243248202,0.824073284932506,-0.537996317277977
0.0418153281243797,0.377899328641961,0.0388268861657787
0.0421866536203307,-0.0168124556398793,0.132711696095591
0.0384761697483014,-1.29017915331042,-0.805435769865311
0.0451106562809622,-0.575109328399194,0.872007642700536
0.0404839519979051,1.56187973338116,-0.297794207570407
0.0424105915652493,1.24630475156027,0.189331485536402
0.0391625426413607,0.486056690483464,-0.631895333486671
0.0432720770765097,-0.170220642201406,0.407146864129865
0.0468822138641161,-0.293595236608453,1.31992287822228
0.0424593088911964,-0.0433953621479712,0.201649026175819
0.0439155037701308,-0.832724528700192,0.56982891395699
0.0409785625382468,0.766081196826256,-0.172738381682844
0.0376499592486689,-0.791952877281528,-1.0143323217203
0.0444542530992703,0.77760118913917,0.706044657065428
0.0372742703537115,-2.72498949060368,-1.10932036019443
0.0384099708442524,0.384164656772263,-0.822173299585116
0.0443030964488972,0.229580398819539,0.667826668953499
0.0496853050815585,0.0598402448614283,2.02864794298385
0.0338347405483432,-0.0893465706486141,-1.97896062337616
0.0445004876079533,0.62023560064483,0.717734449733135
0.0325711057624712,-2.36770929250399,-2.29845420242182
0.0374208076612568,0.567653157801283,-1.0722703126848
0.0462508949373328,0.732302015158228,1.16030211936664
0.0419925122969481,0.371284685356919,0.0836255938913269
0.0458166074740632,2.21103948867244,1.0504981969628
0.0430444322295988,0.00519562437126566,0.349589832854651
0.045267316772061,0.568553312633413,0.911617205175231
0.0476594150133995,-0.34542165326542,1.51642805487552
0.0498537980516686,-0.103592723377093,2.07124919349261
0.0425130391931007,1.28627514762166,0.215234032421729
0.0407908558691812,-0.102714171798019,-0.220197565444658
0.0489975805683637,0.0791824357551518,1.85476576707777
0.031732892528984,-1.87179976935282,-2.51038548902806
0.0468431753183282,0.789202353862291,1.31005249094425
0.0459109345779127,0.853167276518616,1.07434757523795
0.0432670013866252,-0.312689795573383,0.40586354212459
0.0419056290920016,-0.696615453433685,0.0616583083926494
0.0445315143036939,1.36582395493519,0.725579145193374
0.0409546833576432,-0.172368843016025,-0.178775921137307
0.0376903975564816,-0.925510550122537,-1.00410802286585
0.043467540857626,-0.783884773125522,0.456567332528517
0.040887371531886,-1.59162388020735,-0.195794838599615
0.0447994473597183,1.1886616032231,0.793322524824058
0.0459933598356886,0.668328397850885,1.09518772692182
0.0421541897519125,-1.92117684886403,0.124503630263141
0.0365674797767752,0.541862155125098,-1.2880231417147
0.0385706107373369,0.5530784060976,-0.781557597205829
0.0474392903036789,0.723219767646098,1.46077239223364
0.0395023124836608,0.108377493066031,-0.545988959127626
0.0458129613779691,0.339118701131727,1.04957632910695
0.0400428579724677,0.804085503886184,-0.409319080467449
0.0424145269222327,-0.81269535898504,0.190326489236446
0.0395024985860529,-0.219972149496984,-0.545941905564371
0.0411560259692923,-0.206665223607803,-0.127869067092618
0.0418692067745958,-0.0860705309011508,0.0524494003479862
0.0422940879434535,0.091815033374427,0.15987506385866
0.0360990137575403,-0.378720477358447,-1.40646866633943
0.0344651146960627,-1.8532500215408,-1.81957873958782
0.0428293700603192,0.0882220740925178,0.295214167552716
0.0422165792871382,-0.156656939689414,0.140278010746413
0.0422392434324128,-0.206059113368847,0.146008344360797
0.0427959401769392,0.273259486650787,0.286761857433064
0.0451480495408899,0.605229309445866,0.881462040901702
0.0442515434762945,1.36582395493519,0.654792172031279
0.0407587053940387,1.36582395493519,-0.228326393873662
0.0407449237522708,-1.81213355519777,-0.231810902295542
0.0311415394352319,-2.57503547961396,-2.65990140811716
0.0376009919080111,-0.460659210663286,-1.02671307531938
0.0422938879217178,-0.598083722461169,0.159824490970874
0.0486776093613285,2.19565670620397,1.77386521949062
0.0337075816391923,-1.03816577967771,-2.01111109552714
0.0443081534444168,1.2771995732856,0.669105264332353
0.0407254106433041,0.506285543039498,-0.23674453746593
