age_effects,CV_cell,CV_age_effects
-7.42690837293136,-1.50598619169977,-1.93281503263426
1.17993067846026,-0.155336046939957,0.855130371121547
-5.38164105460901,-1.34143001741894,-1.27030774215033
-1.91006405357885,-0.217397363834657,-0.145787220038148
-5.52500271789928,-1.21970340789256,-1.31674575358035
-2.49243264246154,-1.04049475065633,-0.334429277937991
-0.82561606670367,-0.421938447416795,0.20548945221844
-3.29904589983223,-0.661028691789192,-0.595709140390108
-2.0792592961439,0.873530510482826,-0.200593298789012
0.80707915279721,0.497931414248132,0.734355520906639
-1.67720450603112,-1.25570112561995,-0.0703588657457106
0.980526064451849,1.39322983906349,0.790538809249298
-3.92252361750786,-0.709983760803409,-0.797667353731728
1.3541770455213,-0.310190417292951,0.91157262074052
-1.51714905513267,1.57010669691011,-0.0185133675303992
-0.0165047089661468,-0.651954240015289,0.46757850459432
-1.46307800270223,1.18736548043364,-0.000998558527980344
-5.39017773707011,-0.7918728619444,-1.27307296228383
5.76951374137139,1.25246072582573,2.3417977677112
4.93346826776106,0.725988002072829,2.07098415988547
-6.92347738323082,-0.105074740426174,-1.76974260784935
3.88626909278951,4.10351202026233,1.73177320110651
-1.6652955515034,-0.408425260292952,-0.0665012921532632
-0.294201635412532,-1.23699527485092,0.377626332246199
-1.83621626656962,0.0531573282932193,-0.121866289584983
0.96810646837737,1.88072675019741,0.786515827573261
-0.576019737452576,-0.349201475335991,0.286339220033884
2.01152079709385,0.174270265214378,1.12450079099461
-0.939870002991968,0.249540093877526,0.168480076925839
-8.59357842269662,-1.46916333258256,-2.31072524839654
-1.53467889154474,-0.531687058664019,-0.0241916690022642
1.36312357358106,-1.21576481519016,0.914470598922155
-9.47422432753605,-1.86950782319321,-2.59598592169058
-1.43203520455276,-0.178400077314187,0.00905688992455474
-3.12624984906634,-0.835693425516219,-0.539736680275146
0.961405371771058,0.352803227663691,0.784345194269659
-0.18134674399929,1.42919527420509,0.414182525980999
-3.20563004811213,0.148006868958537,-0.5654496812686
0.141938679161994,0.331447004626177,0.518901820047271
2.13338566093974,-1.00415537204732,1.16397551394572
-1.25563259078859,-0.0924977209710446,0.0661975955097034
4.5252022760483,1.36609039468918,1.93873778135916
-6.68101052750203,-1.31870433244645,-1.69120223408892
-1.46221111879848,-0.562410862769282,-0.000717755671017549
-3.13190593055955,-0.358717077220534,-0.541568810085882
-2.86535091534554,0.499716447757517,-0.455225749053063
-3.62903990939323,-1.14003561961385,-0.702601493869611
-3.48051590556976,-0.998130611396267,-0.654491286238843
-0.895401564867676,-1.02046019379439,0.182884386910092
-0.151515628041722,-0.529622245443967,0.42384548379004
-2.5968532080761,-0.952865138823165,-0.368253407124609
-4.37854649873828,-1.18565862588829,-0.945383244332501
-0.075986530571031,-0.0679147777934361,0.448311027863296
2.53426790597212,0.844865155672405,1.29383013372098
-0.904697191563159,1.96154133780298,0.179873327964298
-4.27369532566871,1.00791301727298,-0.911419631873587
-3.15866899881926,-0.34920147533599,-0.550237959433226
-3.50521263760639,0.76241140799617,-0.66249110361177
-1.09366958026157,0.105943838866885,0.118660994451066
0.611160372670766,0.974943407699207,0.670893097675354
2.58495280308798,1.56278200877933,1.31024809217359
-2.53629631561179,-1.4078055021624,-0.348637691180169
-2.32794694980544,-0.0614033637487951,-0.281148726496749
-2.17765752715966,0.497931414248134,-0.232466660688783
-3.39473200739093,-0.291663043804697,-0.626703985556689
-2.01904244857523,1.09400808592799,-0.181087730902205
-5.16946006569128,-0.594088546927551,-1.20157763005163
4.0816621234011,1.33501060917025,1.79506532244941
7.56982029141668,2.49436761005743,2.92495685103793
-2.00016312962656,0.716742455876976,-0.174972302209429
-3.02729796544977,0.95736299249785,-0.507683978060714
-0.709120675240289,1.01575796062916,0.243224884384626
-3.85134928172773,-0.737494026388032,-0.774612413222355
3.06664076487521,1.6007090308854,1.46627746963616
-0.0829002431620681,0.239852851499622,0.446071523542839
-5.30510278947699,-0.607205322952377,-1.24551530636616
-11.8165473118464,-1.23181915620771,-3.35471610814199
1.2508720863593,1.26567301130674,0.878109861141883
-2.34810589603091,0.198713901788888,-0.287678654747791
-1.16537961047224,-0.643486797161079,0.0954325306753084
-1.84582519925512,0.328729394254077,-0.124978835265875
-7.2314713275979,-1.53586067154885,-1.8695086539501
-0.432444776957166,-0.472639374832464,0.332846323143112
-2.09084633878577,-0.955265245212717,-0.204346598006487
-1.84499753955971,0.539706511861044,-0.124710737996957
1.43538581351532,-0.268042880685211,0.93787793563275
1.36822314484662,0.306631471375331,0.916122462769737
1.80137541668847,0.319089369153665,1.05643005748566
1.99156845793861,1.25275185401881,1.11803778734021
-6.1012558060301,-0.567678383991769,-1.50340686561714
-0.301542716432665,0.468656261264321,0.375248393845531
-3.19325633882253,-0.326399623574153,-0.56144156333641
0.696312931957474,-0.109984751350863,0.69847589373601
-3.40991131028598,0.233366992027049,-0.631620897269082
-3.46328248792338,0.127340101671437,-0.648909001356862
-3.99326405993092,0.80029943930963,-0.8205817465925
6.6238154284066,1.26510211061383,2.6185249665782
-2.2598238943663,0.36048312064103,-0.259082163131579
-0.55189345714119,1.52384103700911,0.29415425548444
0.427211797025046,-1.38633065009794,0.611308088250089
-3.72040523161611,-0.5722355752658,-0.732196741164581
-2.67430794636424,-0.666524903205664,-0.393342708820637
-6.34790497784081,-2.19617995185948,-1.58330198399729
-2.91623323507869,0.691600205634061,-0.471707657054995
-0.42783551360478,1.22771558458115,0.334339365420451
-0.224420556447894,-0.183224959705747,0.400229966078196
0.198893584158157,-0.350680379927622,0.537350772636866
2.07084051172245,0.790073486460626,1.14371575769301
-0.429630899233323,0.397305373156445,0.333757800332365
-1.93168601617226,0.894110246907442,-0.152791051627485
0.139695769674931,-0.033704689878465,0.518175292089892
-3.39718074521191,-0.28347500914335,-0.6274971858608
-3.88392527938577,0.600812730036401,-0.785164498883676
6.50017523403167,-0.272280353183623,2.578475174829
-5.69101459829107,-1.35375210678248,-1.37052067096216
-1.42642024341939,0.138312475285442,0.0108756999418648
-1.82355888701122,0.524484577024649,-0.11776628458283
-6.75482198785452,-2.42803419970549,-1.71511139753504
-6.17797538438161,-1.27195484687531,-1.52825803276062
-1.52344110985887,-0.879577696781523,-0.0205515031280729
-1.74156536501495,-0.0686728627715281,-0.0912067705240313
-0.10990270848841,0.956351386274696,0.437324828194274
-2.67845576354949,-0.066552545202389,-0.394686278485202
-4.4244780818648,-1.29021206488801,-0.960261499322538
-0.0600994289151668,0.559508422108102,0.453457211238632
-1.87936442639258,0.451751212563558,-0.135842932245623
-1.74270952289715,0.166925616404795,-0.0915773885511379
-0.896246910341853,0.908449449581936,0.182610560826527
0.43768569465785,0.00722210885042397,0.614700815195536
-0.811463532241979,-0.919619807354805,0.210073770940839
-0.119616086589701,1.22771558458115,0.434178450334674
-0.697542843316369,1.22771558458115,0.246975200046975
1.4626799572504,0.495114467865773,0.946719112064807
-1.83344993350406,-1.06189972669411,-0.120970213161416
0.627584671640552,-0.96040518523717,0.67621329113422
-2.08392934927132,-0.394033154736982,-0.202106032218107
-1.1709188917679,-1.27154978561666,0.0936382350301668
1.13343191204361,0.146282925310939,0.840068392927514
-5.28616231705715,-0.222255270870553,-1.23938006871241
1.75768684903601,0.344239533399713,1.04227836478454
