region,OLG,L4_5,L5_6,L4_5_6,VIP_RELN,OLG/L4_5,OLG/L5_6,OLG/L4_5_6,OLG/VIP_RELN,L4_5/L5_6,L4_5/VIP_RELN,L5_6/VIP_RELN,L4_5_6/VIP_RELN,VIP_RELN/L5_6,OLG/L4_5/L5_6,OLG/L4_5/VIP_RELN,OLG/L5_6/VIP_RELN,OLG/L4_5_6/VIP_RELN,L4_5/L5_6/VIP_RELN,OLG/L4_5/L5_6/VIP_RELN,OLG/L4_5/L5_6/L4_5_6,OLG/L4_5/L5_6/L4_5_6/VIP_RELN
2,-0.704782472396796,-0.311715551346277,0.0341854655093388,-0.393125121520431,-0.144614081638893,-0.692131438874995,-0.630261575665601,-0.746387105278439,-0.711047213079753,-0.157308035166965,-0.329494789245043,0.0286273088063252,-0.46992138781954,0.0286273088063252,-0.6210676532558,-0.699357643348733,-0.639208598325779,-0.794414418851301,-0.180505193854858,-0.628915590879407,-0.746457097688469,-0.802329209346193
3,-0.276994580979211,-0.0117713330300707,-0.239136226193059,0.0622547795118754,-0.148142675830607,-0.744610423347863,-0.565078068821306,-0.145526875089988,-0.246823763998564,0.0517044218229665,0.0615634862070453,-0.208578968992621,0.224287373645385,-0.208578968992621,-1.05614558148726,-0.663690023095578,-0.53532334670331,0.0184416034374873,0.114016047338851,-0.995616907035518,-1.05468665444885,-0.918208096733474
5,0.36655367854062,0.299001437619793,0.169561279845013,0.142870713512902,0.227684188060571,0.483102995114188,-0.117863496147688,0.26626601962358,0.234395459665439,-0.00229155557906947,0.158636959489735,0.0914553698119402,-0.15318828228701,0.0914553698119402,0.00073115458026402,0.357658551931878,-0.200994373564165,-0.0151411669443675,-0.113056566182459,-0.0728363317499992,-0.252256217206995,-0.494041322761
7,1.74601763755239,1.77911143983657,2.29924164692901,1.29198830590826,2.40382336065698,1.94073141457151,2.87776988884177,1.46916224992874,2.34915209485481,2.28370570896215,2.34088311544145,2.68729685974816,1.96344907995637,2.68729685974816,3.10375839864025,2.42894381411336,3.29847197335647,2.08099608183674,2.7623843512231,3.41347084173872,2.51846263721173,3.07135325737828
8,0.535404920511892,0.632883659570549,0.886908957954306,0.608837061417059,0.650387190940638,0.761522024904133,0.59236534729219,0.479365301449503,0.351755160903916,0.619190150414414,0.424989502864598,0.755902445673566,0.257023227625762,0.755902445673566,0.831662318405298,0.579594598119854,0.456098396869178,0.165034320324,0.435683667531558,0.70788837567304,0.854335702691317,0.578747141347616
10,0.976283986264002,1.1579525138704,1.29182926677483,1.48822953306954,1.15575315664402,1.29052462553238,0.283093936121921,1.07838434930929,0.667038156700391,0.758497100206457,0.81449066775752,1.09585798021804,1.07609896313632,1.09585798021804,0.609158817780417,0.992126824378644,0.0763752744326136,0.729993459860852,0.472597109763593,0.424022204859431,1.14401145553893,0.87384013634087
11,-1.76165217657161,-1.41920171795584,-1.21805542471397,-0.856329739389285,-0.794550238034861,-1.57852977990278,-2.42399575148437,-1.52137804813319,-1.31636287381463,-1.68556431927667,-1.01173991401968,-0.882097594756216,0.0261055996173871,-0.882097594756216,-2.25234108290753,-1.22459313266082,-2.0800683430873,-0.663636939878728,-1.31277400299425,-1.9997218026735,-1.43448464437795,-0.62540948032129
14,0.477537648733891,0.297726774311207,0.305884625190513,0.352490912961952,0.464412991000157,0.810578776511896,0.199829741367439,0.437362334098546,0.535963254071053,0.00732450264055888,0.322513418472015,0.355300173795541,0.408852844101168,0.355300173795541,0.546422262010175,0.82072775797774,0.252582601195581,0.484666185741822,0.0429221663634206,0.560802795055523,0.677355141106792,0.749618757152706
15,0.263438689581032,0.130083890656167,-0.138244482377462,-0.0361318120504193,0.559252934155725,0.389963172913109,-0.515068154660816,0.15568507161008,0.757305741026679,-0.339951306151542,0.601026487055139,0.233310779001607,0.637774274144619,0.233310779001607,-0.389861240899782,0.792939447546499,-0.125535081415274,0.764909944483624,0.100362099378269,-0.0977010292216497,-0.684165200928202,-0.0982314250407617
17,-1.39320118219454,-1.81162306277231,-2.27188734859039,-1.64302512359682,-1.90582310881291,-1.42088535146252,-1.78985839943905,-1.3085746309255,-1.28349008329531,-2.10471942093158,-1.6860765840114,-2.18215878166099,-1.36013364859771,-2.18215878166099,-1.83214258794604,-1.32560704867137,-1.70141724628544,-1.07486208407604,-1.98186275453813,-1.76093995137269,-1.64562845773272,-1.4337197543271
18,0.31140509598634,0.57182417753558,0.833531506738666,0.287305946179502,0.31025029403463,-0.0785224975262282,1.3750400079168,0.251170223377782,0.141443750445709,1.2880391232912,0.440438414180984,0.680632005935421,-0.0398028275165486,0.680632005935421,0.982797052762657,-0.175807682196421,1.21952558764134,-0.0476340894624379,1.13929690899704,0.892785331138304,0.569196777344067,0.246339564913236
20,1.03054080548009,0.952623440889451,0.757151193575853,1.00908491532021,0.979486249361718,1.0859307781937,0.526463134844645,1.04827152240964,1.06635680017217,0.646941463682342,0.98157570119689,0.797361699016123,1.08325373992023,0.797361699016123,0.585725314252928,1.11027079313651,0.570598247862164,1.11704389162456,0.687703213045849,0.615564765508739,0.661666657005,0.75378505184629
23,-0.623597727761222,-0.904902914984901,-0.823759364874648,-0.799832173065458,-0.758110681092572,-0.193204990674834,-0.689674510656967,-0.660554837771682,-0.610326936622934,-1.12993610254456,-0.929385556503915,-0.812140299262462,-0.80399223033343,-0.812140299262462,-0.247055274640694,-0.23348766529316,-0.679862815011103,-0.676207338234199,-1.14252861366215,-0.27361523556322,-0.0271902414285462,-0.0258095487247223
24,0.840983154970044,0.603044960085017,0.549367704359495,0.582522012733211,0.573727871808821,0.959915719468539,1.00211908364434,0.806870807389177,0.843948053551803,0.573147276197876,0.59822099738751,0.54552265868682,0.568794949617385,0.54552265868682,1.13311129473189,0.948797618388769,1.00231474959267,0.780621373774182,0.5709217624758,1.12355012542486,1.15062022936375,1.1369779718517
25,-1.36960510536747,-1.08286895856782,-0.973890113751554,-1.3342792661934,-0.593478689225401,-1.59874451572263,-1.24780332325017,-1.44797346387576,-0.76953839030819,-0.858518390632838,-0.478491275308378,-0.554227843303981,-0.486514315660488,-0.554227843303981,-1.49398563666866,-1.06463595502032,-0.810170592138691,-0.661171138888504,-0.332548644121865,-1.13630900173224,-1.93891720404647,-1.24886674855319
27,-1.85175139081114,-1.82312679582596,-1.32667230859743,-1.81587117921829,-1.49969721602855,-1.50220099933432,-1.24139414751901,-1.92077944557437,-1.72840346587197,-1.58007198561613,-1.73810593906556,-1.25746796800169,-1.69730309349762,-1.25746796800169,-0.884032220332553,-1.440480746558,-1.17297129526867,-1.80942796316025,-1.51765206544219,-0.858807317620181,-0.794757833316218,-0.713707101891931
28,1.88041367558572,1.26547230001198,1.07401449739773,1.55665363419709,0.732144660531849,2.10190420304843,2.31833532778176,1.97891525688045,1.3979895206572,1.22682861046274,0.785358256960726,0.718680007513981,0.934224068835237,0.718680007513981,2.56583392912499,1.66854580320698,1.95361671276469,1.37986779464039,0.803126077690714,2.2649261692571,3.12239150814756,2.59803369989335
29,-0.0119983378140915,-0.318932251057665,-0.626205421383792,-0.327841878080727,-0.317781119962382,0.0357915606693108,-0.330475505398736,-0.0276222271203838,0.108652370328346,-0.579922129599778,-0.197329066200763,-0.531858798229574,-0.132954272224491,-0.531858798229574,-0.284187364479161,0.1321864375963,-0.231889188338452,0.130977208110274,-0.460289003977621,-0.211430483288966,-0.32069696137777,-0.164761960062778
30,-0.370636519570732,-0.0392064827176904,0.411856015315524,-0.133743206936491,0.260382611678492,-0.367237620987626,0.202887596655013,-0.416723997206797,-0.179640475902874,0.348317144587433,0.137434729313706,0.529148656187391,0.0959911313189125,0.529148656187391,0.209910355074698,-0.206265682830968,0.327129456188094,-0.185682667008763,0.487722317553303,0.305739795480579,0.109813448250639,0.301963552262976
31,-0.484393985692657,-0.422948890997676,-0.253990341980945,-0.485724904308515,-0.315988039028574,-0.506845491489006,-0.0786817677322177,-0.511194193799496,-0.372570291795002,-0.187919059625952,-0.312289389177956,-0.187594035720048,-0.339728753001498,-0.187594035720048,-0.101051160558002,-0.409856538684806,-0.00875985053004281,-0.376041670502164,-0.100699858679199,-0.045164917909928,-0.177648380253527,-0.0714760905288901
32,0.264605619379411,0.712893046734147,0.980794822174701,0.954916945740433,0.912355283745246,0.281741163548715,-0.00980507310440165,0.383276350573096,0.269876697158014,0.692705836275865,0.702116901302495,0.993751215252132,1.0365322317467,0.993751215252132,0.00692885563977575,0.284323631319214,0.00274988900316494,0.500341878481118,0.68487400833877,0.0153740186627995,0.374107720370032,0.499015374008641
34,1.97511936868575,0.826998168717154,-0.0909641422803037,0.822977505321743,0.508574157161477,1.92153349566364,2.07448017367239,1.98057895517917,2.20836491022886,0.541992880477615,1.09044867312307,0.0666381588319557,1.27553059901947,0.0666381588319557,2.03307548046004,2.12642909421019,2.25083162053746,2.32214441786625,0.790193428193201,2.17362656224884,2.04724132719518,2.38034044769475
35,0.874607129447563,1.37972696086198,1.21650499780591,1.47508980898238,1.10912266828978,0.204941702711966,0.701394992927663,1.06002795841598,0.769440315169462,1.6106166800774,1.33361973639878,1.14777821383817,1.46237296550182,1.14777821383817,0.00918485769999088,0.196052530402928,0.630983784718564,1.08083211901666,1.56072580736167,0.00791462350171219,0.043156101696599,0.0500213218610401
37,0.739416731862827,0.478951848727004,0.148870989580368,0.374613640651514,0.0486538372250871,0.727859307350521,0.397307435591119,0.689912030848466,0.363216100057155,0.225998109232149,0.119755283900411,-0.106098398238947,-0.235874504523039,-0.106098398238947,0.386693353453796,0.411379868116298,0.130154856637685,0.105728179176621,-0.0813503339879643,0.180566128755414,0.206084694617415,-0.318508362736409
38,-0.150400556841738,-0.209410644886196,0.02641372994921,-0.496430262183866,-0.000344494668008538,-0.0131065439957815,0.39906327735761,-0.320089881720387,0.0334086078890531,0.0153184394148002,-0.0432109052438211,0.138648183420728,-0.365786456399538,0.138648183420728,0.546532426273943,0.126008090460201,0.519336592586423,-0.212882688218949,0.152644330243047,0.628581999317514,0.170361007444007,0.252513034878324
39,0.33387408070545,0.268665072393823,0.256561153326208,0.199471939429008,0.495282092677006,0.380510536516929,0.357885166864644,0.290486454831134,0.606822548387955,0.245026002317009,0.530837434268982,0.447570408252207,0.586453493109953,0.447570408252207,0.408869640804709,0.606106008978926,0.560792695789505,0.642269775681569,0.479549965911461,0.562353961974447,0.318585163658178,0.646670493454891
41,0.787910006673665,0.702236625256297,0.557374264726101,0.576203225757135,0.80329716659953,0.850250496209326,0.433786101816304,0.71384224433105,0.910941859167201,0.471374393691002,0.816194195390171,0.654409363780003,0.702631641475375,0.654409363780003,0.500207799880726,0.947410834185656,0.537621569115719,0.822916500118915,0.5840310239161,0.575741953603394,0.302818080040621,0.421213274655497
43,0.658186324882921,0.502599117381615,0.0432620184023968,0.511333896917128,0.349210991459067,0.520089675946807,-0.0477173910325248,0.690322002196485,0.650249416031334,0.131751239224129,0.513264456023283,0.0589557620734516,0.543374998536272,0.0589557620734516,-0.194239302474252,0.530176963448349,-0.0314430440871138,0.709221574690908,0.158689870105031,-0.170406253240526,-0.254019174145537,-0.216971232725934
44,0.195040610743274,0.46889454682388,0.57298315314967,0.869851009169604,0.36888934494976,0.143179890074076,-0.0143763659982301,0.404965002754598,-0.0243141064014197,0.452406444585628,0.252127342949639,0.425522309521541,0.701728808723199,0.425522309521541,-0.0691709812836139,-0.0361330901876752,-0.170591514442002,0.283871833582818,0.260945248667546,-0.186058089976657,0.531653650821236,0.435343796497865
45,-0.209303612281402,-0.205187109124019,-0.307289419118127,-0.202731391537704,-0.434785154087102,-0.492685729831809,0.0954890833275737,-0.151430998588447,-0.289599406420021,0.0318950374046429,-0.252040293985727,-0.373398223989324,-0.265537779604188,-0.373398223989324,-0.197385400119989,-0.527078023051033,0.0265597326268746,-0.213518227780873,-0.0207918693562172,-0.228325740740232,-0.225696846504452,-0.30553057399022
46,0.329536735860014,0.137791227816414,-0.246889490950161,0.208405088246997,-0.0277297022006601,0.390989399555874,-0.518670783310962,0.351472219242278,0.184484800741992,-0.366682599690278,-0.00528750741227707,-0.322927074342347,0.0153360035228884,-0.322927074342347,-0.461404568298942,0.261159921559135,-0.601107323554601,0.164033398648492,-0.470808093760816,-0.529863904348701,-0.407441156492049,-0.550659534671458
47,-0.251437349725453,-0.528630951925725,-0.917616184594925,-0.640839510048047,-0.626133150712447,-0.341155172328993,-0.590548195584931,-0.290570140031092,-0.168713411976809,-0.750156425368847,-0.429288938846547,-0.849205223166606,-0.523863241352525,-0.849205223166606,-0.689057710870389,-0.260655052853686,-0.520257839936158,-0.208244339698411,-0.652358794997789,-0.627216921433835,-0.917090491860581,-0.842446820919099
49,-2.69358918167384,-2.36997504546813,-2.06450820100569,-2.41418859322933,-2.90832393450426,-3.33974869445005,-1.16826198790294,-2.58759245221493,-3.05835924518038,-1.29204987609711,-2.65855544470433,-2.36706826950038,-2.88313607377222,-2.36706826950038,-1.84230441247359,-3.5732155149987,-1.49078084464352,-3.01592242660139,-1.60046405801342,-2.04099570416748,-1.95586797746785,-2.45061427101774
50,0.520614657574804,0.14404835944831,-0.336705992605462,0.153730879728489,0.0226440091092987,0.619497714567051,-0.260469583393549,0.504263596844668,0.494953404080151,-0.391671196623731,0.118375531112266,-0.331267436096035,0.123544455054165,-0.331267436096035,-0.162301111485475,0.586349658440298,-0.255628445676868,0.452975176944677,-0.389965803871243,-0.166161670965106,-0.188946210470713,-0.205948427513009
51,0.0101801115848629,-0.202547271142989,-0.789081924542024,-0.175186092853954,-0.301225776402761,-0.220196378633148,-0.763280574013783,0.0688533752881338,0.15858931311202,-0.589559731470202,-0.0262511437844985,-0.661015412349641,0.132245286082591,-0.661015412349641,-1.01080988327848,-0.0672520772144118,-0.631046909521946,0.335661154264835,-0.415423368593494,-0.88958739850524,-1.07911746476715,-0.823025663149907
52,0.663139564930402,0.394579078701627,-0.401140474138597,0.568919976299648,-0.0475253234083051,0.128043211662605,0.0841963941805858,0.856136257243431,0.642328562071784,0.166743539393567,0.439626551512962,-0.398986265222278,0.749087682579957,-0.398986265222278,-0.473747645540955,0.174410281097705,0.0873101498523438,1.00463971195202,0.217625351415254,-0.428526552195534,-0.343326538840104,-0.203291879965554
53,-0.392059317556503,-0.14091194741186,0.208661995831377,-0.0825926281410443,0.255480136011072,-0.350654322521074,-0.0239870642827364,-0.370825253624443,-0.0715812956397722,0.109705868418229,0.160226939235797,0.423390423042494,0.41468462886499,0.423390423042494,0.0202662764652264,-0.084658735780165,0.202141941107654,0.107811689719887,0.365927962737838,0.192139782875186,0.144602840579944,0.575477533184659
55,-0.133466710078126,-0.0367152157062014,0.0569890689399981,-0.500580417143428,0.378676033337192,-0.222817801917634,0.118976688303128,-0.34402761501127,0.378863549079645,0.144943757485177,0.469849373106066,0.40978618124518,0.0979411286449189,0.40978618124518,0.0278092347226096,0.221190992284764,0.49158047129221,0.196622442621894,0.587097463287176,0.323647035515238,-0.685702661866491,-0.21051531584959
56,-0.665563881637068,-0.474776632494687,-0.0399908763715055,-0.754319180482538,-0.310304202071399,-0.399394474148763,-0.404715202650877,-0.856847936512723,-0.751345453743224,-0.354645210679582,-0.591881836177121,-0.107536372191529,-1.08407437114979,-0.107536372191529,-0.129720013181029,-0.503996463875355,-0.477868324602506,-1.15661326912043,-0.464798744856077,-0.207640218499648,-0.500726718953134,-0.786800127204072
57,0.804548831443416,0.947062142184373,1.14321660039588,0.813259070080016,0.864259323998834,0.700547762797126,1.3240167192297,0.761284448704755,0.709689238555152,1.26861410418059,0.859992995637497,1.05987327212652,0.617402479981958,1.05987327212652,1.22670567370794,0.63312817872359,1.2412799764366,0.586308875818131,1.17766914566124,1.17047409331237,1.06267529480357,0.889873208393487
59,-1.63259767334704,-1.2283444683371,-0.702468112420845,-1.0358013447851,-1.27576625084454,-1.6498160206609,-0.996853161939055,-1.53426855652194,-1.88416232813035,-0.766685961218239,-1.48028207575957,-0.897597762735333,-1.36371713374073,-0.897597762735333,-1.01910019760639,-1.86159310934618,-1.20671332031608,-1.80620727996564,-1.01315233476559,-1.18038793925092,-0.699493606297494,-0.98142451129027
60,0.79925819367024,0.976320791236851,1.05254837117262,0.839453646300795,0.875733894152335,0.637648125852558,0.9986560978161,0.76622907217499,0.706101101936029,1.16197260979398,0.896204260861024,0.980442949847221,0.654785880286807,0.980442949847221,0.838073501128803,0.57851060818322,0.926296634227646,0.603109577600279,1.08342564043336,0.794629297566985,0.632439641721427,0.475947807987356
61,0.018481847010315,0.653267489024296,0.910990386266272,1.01641425246858,0.324861167953679,-0.184724343736444,-0.244843176345621,0.24180998383543,-0.549389593908088,0.756117517219868,0.102934727194673,0.520641382988325,0.297079407528924,0.520641382988325,-0.4587475122682,-0.641034339070703,-0.658709752720081,-0.366848213289811,0.262822796933349,-0.763218938479163,0.0531152949719046,-0.501101294006003
62,-0.750479146978791,-1.49438851842336,-1.40121527568572,-1.6317191211775,-1.71927415946555,-0.525844428463608,0.773650412570097,-0.868288557646355,-0.809766405387546,-0.98716786166356,-1.5528576032325,-1.49133441121821,-1.78062837495516,-1.49133441121821,1.01806094773477,-0.603146090097475,0.683862327467545,-1.06252939872644,-1.06397671933644,0.929980943470679,0.946541490364916,0.726492126515235
63,0.512064754800983,0.86795442197926,1.11625651620292,1.10903884022725,0.955131970687067,0.59806507574901,0.250846515726604,0.616292348665819,0.381285636013503,0.805883307806577,0.719253964138042,1.03279133619537,0.970652792135193,1.03279133619537,0.340983136335249,0.47750437827401,0.16282072814553,0.525255306553265,0.67748935736408,0.265925289343243,0.724330805378951,0.662903037079046
64,-2.38305604701833,-2.65357028344459,-2.3380634638346,-2.4571735993681,-2.30727857574827,-1.95919531849185,-1.79908205299517,-2.37600378607283,-2.13718217531669,-2.52230843281466,-2.44714161171624,-2.18196433450214,-2.0574363239746,-2.18196433450214,-1.36830224981244,-1.80295598702727,-1.64061371149749,-2.01951247042745,-2.34781255648486,-1.27909569634513,-0.991096795553365,-0.681670254058552
65,0.514557522835191,0.814998717353667,1.12819155544316,0.804573496620828,0.807366473725846,0.657943856762248,0.455126573028511,0.482894140738506,0.257501052660088,0.823215549499438,0.53857756587282,0.949496468971539,0.348280922558235,0.949496468971539,0.607050812881138,0.423725563844268,0.26763808614323,0.085724293899039,0.577988031100051,0.450228528296774,0.628519992550236,0.275959091728303
66,-0.103416637335632,-0.243819845473114,-0.736396112258308,-0.128333060244138,-0.766130527366984,-0.481713232644247,-0.43417380618927,0.0286696036308564,-0.396407034080538,-0.343795036034428,-0.483468207607969,-0.932681224059148,-0.439713797336364,-0.932681224059148,-0.831650212567141,-0.684721560252455,-0.642494800143309,-0.269965739052361,-0.55263822612175,-0.962788824762652,-0.756014491420557,-1.03817386928867
67,0.475778289081971,-0.158223668401018,0.0821492843607691,-0.154374471888794,-0.260516854960718,0.90972600497203,1.7601131063141,0.387827376698147,0.366867664579987,0.18453592416903,-0.293967997278514,-0.0358180391824331,-0.370117966354444,-0.0358180391824331,2.227897788098,0.766304850515953,1.64411734830005,0.151224594736579,0.0480514116013467,2.10270270218197,2.42108619068861,2.1952872029501
68,0.914155227779232,0.353657115902433,-0.220645587667717,0.19247591390507,0.168437141736336,1.04389234649772,0.22689438514553,0.806888876385009,0.883203585767218,-0.20034181241912,0.324118427245536,-0.222432670061144,0.0832488459914039,-0.222432670061144,0.360766564079275,1.00283826112021,0.226345848681572,0.664755339441972,-0.200997890522141,0.350151787004861,0.088908745918411,-0.0125317500145744
69,0.649477755289618,0.613986790652795,0.420928530934034,0.262581194274032,0.371468004523222,0.695527407768943,0.0609694273096962,0.467575114158944,0.346140629228822,0.285153588818736,0.312930194894087,0.225452615183263,-0.374611764262192,0.225452615183263,0.107078540721748,0.433797869396436,-0.145357450781619,-0.134090966339433,0.0331147111841908,-0.0563624089328646,-0.462972933968177,-1.00212506830357
71,-1.12076537168532,-1.24407235670101,-1.19772508923934,-1.04586123703935,-1.50831510340073,-1.04083088231766,-0.900523984162235,-1.04122523339346,-1.43619738191802,-1.17540138986628,-1.55417963542658,-1.42601206017569,-1.45395834618803,-1.42601206017569,-0.822648824591489,-1.31788115386613,-1.14435232726322,-1.42148667215215,-1.45573856232791,-1.01791055761205,-0.508569175280476,-0.86961304488259
72,1.24241205340562,1.12899106094843,0.969456436778501,1.17070919189933,1.18384282854369,1.499792511016,0.487695215407899,1.21239723937272,1.18907376710423,0.62742005051116,1.04949455737428,0.95472722410499,1.05879987293634,0.95472722410499,0.75578707832855,1.4248284710673,0.473468699503048,1.10961804834579,0.580860226522143,0.724365331882772,0.829838005614125,0.781083753604903
73,-0.691551703954847,-0.344866483515817,-0.07134877851213,-0.487979226186812,-0.435852367488746,-1.03050399054327,0.0579375581725921,-0.693190352448741,-0.7387534162713,0.235663289678771,-0.362614728293874,-0.127192907718621,-0.577275628662007,-0.127192907718621,-0.29132044839188,-1.03058265163637,-0.000602985454126363,-0.763115176120816,0.193073327128329,-0.309897585130836,-0.522421153175064,-0.632360945079501
74,-0.859137023756835,-1.05889203669281,-1.04292706220163,-0.886405755345887,-0.930062684186793,-0.914766012803107,-0.239174638223425,-0.765097922447726,-0.569219849798204,-0.775286675518905,-0.762347963318986,-0.858179268596679,-0.331838745070156,-0.858179268596679,-0.296325029558655,-0.663378385611069,-0.0443504971024289,-0.26376767857519,-0.525723004866944,-0.141012206864767,-0.010058246240184,0.428338266119511
75,1.27796052890992,1.31968035339031,1.11166569816522,1.34315510047626,1.14468296178247,1.19949953025683,0.758647292200796,1.30727406334153,1.10637807050612,1.07428997449668,1.1570320254643,1.00637464250761,1.100576149426,1.00637464250761,0.680242439908179,1.06441556654775,0.650062703779073,1.08959707090289,0.942358602424443,0.602339697442176,0.686001153864027,0.510559591092832
76,0.787910006673666,0.702236625256297,0.557374264726102,0.576203225757135,0.80329716659953,0.850250496209328,0.433786101816306,0.713842244331051,0.910941859167203,0.471374393691002,0.816194195390172,0.654409363780003,0.702631641475375,0.654409363780003,0.500207799880728,0.947410834185658,0.537621569115721,0.822916500118916,0.584031023916101,0.575741953603397,0.302818080040622,0.421213274655499
77,-0.479426821561336,-0.793634424737171,-1.08790744882369,-0.924920760588206,-0.703453224634238,-0.383381700921043,-0.863499620461293,-0.565794662709184,-0.283626598905748,-1.0972676126249,-0.602847826402984,-0.938303773961634,-0.678179635609324,-0.938303773961634,-0.770863854358751,-0.229417990764593,-0.708711927656109,-0.365055348505347,-0.914728437819907,-0.65827445401809,-1.00263903520975,-0.812649294520223
78,0.458953276066056,0.355240392603153,0.00829796152871591,1.07460707784084,0.0616610092082174,0.349559307611065,-0.0968079158584625,0.835892961723311,0.23623807818164,0.0695344376904384,0.152279140939975,-0.131591069452332,1.08404140769063,-0.131591069452332,-0.213259915232789,0.174397123706097,-0.244824056230475,0.863985146065276,-0.0975376039035918,-0.319091601603099,0.839187486420141,0.897601827606307
79,0.795852447553544,0.324112396084186,-0.348230084478317,0.830541050334414,0.00040344521718885,0.787218337207033,-0.0962365554809495,1.04603328386524,0.650824244263648,-0.268185712450063,0.196148362156026,-0.423742559144751,0.868890483427721,-0.423742559144751,-0.109166197488525,0.666015878304233,-0.175966636305051,1.06920468866783,-0.354658375000035,-0.170006064700065,0.606307280807228,0.671654358244076
80,0.0620084243338389,-0.225535055049685,-0.477245787843868,-0.155851618217317,-0.0952378469235767,0.155373150010813,-0.232109964668807,0.0762043784638668,0.296404210891339,-0.482407833576244,0.0011970544276963,-0.303602889738919,0.239865390431589,-0.303602889738919,-0.137684154904409,0.342634938778387,-0.0495766698207695,0.425420256610932,-0.269367707176738,-0.00351769098896278,-0.0403784520276769,0.295590312091628
81,1.25921481602798,1.3680565984057,1.40941239132811,1.07092390004704,1.01395420133305,0.899292681043945,1.97158813028098,1.1872329678627,1.03589332930778,1.84317947415068,1.18387609765407,1.22909210971496,0.659121290658121,1.22909210971496,1.61325118047462,0.75386376770486,1.78941435782258,0.802117881612769,1.65938560324677,1.50017281945707,1.17387546126495,0.792429136016047
82,-1.09001420579097,-1.25874899294882,-1.34987355716719,-0.88216096112839,-1.25184487684791,-0.899616647295843,-1.4282354217403,-0.944863261364646,-1.13452976568644,-1.51650638518136,-1.31560629783359,-1.37007231902026,-0.809710500746704,-1.37007231902026,-1.24112278121273,-0.960555984521901,-1.45498317643206,-0.876255059303482,-1.55681268644888,-1.27667341763318,-0.677222868056006,-0.600585517560945
84,-1.39320118219454,-1.81162306277232,-2.27188734859039,-1.64302512359682,-1.90582310881291,-1.42088535146252,-1.78985839943905,-1.30857463092551,-1.28349008329531,-2.10471942093158,-1.6860765840114,-2.18215878166099,-1.36013364859771,-2.18215878166099,-1.83214258794604,-1.32560704867137,-1.70141724628544,-1.07486208407604,-1.98186275453813,-1.76093995137269,-1.64562845773272,-1.4337197543271
85,-0.524135371108241,-0.281962533109021,0.109333488945468,-0.243725469663428,-0.215364743487952,-0.379731877418974,-0.241569133000327,-0.533727176972555,-0.667377207102138,-0.104157750839472,-0.4435670176526,0.000587230716810877,-0.496878499493635,0.000587230716810877,-0.0920026644070262,-0.518397510236007,-0.35754893498547,-0.748498845422015,-0.256279980510995,-0.193447206323688,0.0106278031175762,-0.193358263465688
86,0.896926982918997,1.42784940235582,1.51877810363998,1.29058252658135,1.82483272586402,0.820401682673557,0.11463465399379,0.84860094733124,1.16571926460016,1.19221878599744,1.68036246001904,1.73272750287017,1.62411727438854,1.73272750287017,0.0329394981519082,1.05745171200526,0.339193070404395,1.19048000888146,1.42914927810131,0.213298369598483,-0.230910465639597,0.107998784956946
87,1.8395704201594,0.991933381331634,0.513624046101273,0.634407980945439,0.866448889550432,2.09534530253092,1.87459386198127,1.60988523104308,1.93825259660871,0.674753456806242,1.0815542872795,0.579422222873226,0.630720311782344,0.579422222873226,2.15326416915314,2.14955163931197,1.95249917546903,1.54193591629303,0.77003326787346,2.19290139652899,1.67612965281649,1.63647253104281
89,-0.259015839880078,0.377141860962423,0.559189380121795,0.505838022149189,0.365892928269052,-0.672559097435261,-0.295640344418043,-0.109467684394278,-0.30095107854295,0.657306450152778,0.363082417468263,0.531845246768989,0.542531610563803,0.531845246768989,-0.727743377458082,-0.659060049205985,-0.326515303177889,-0.0322264518724843,0.632501711817216,-0.718641365161985,-0.604386036947907,-0.550151620696881
90,-0.162492387863384,0.0321047501834899,0.00536487239412264,0.0584024256041385,0.0519480328662028,-0.376448691939384,-0.232890465491703,-0.105739882780545,-0.0865575622846602,0.113370683470243,0.124096126935514,0.0612990405933553,0.220383877795997,0.0612990405933553,-0.457176992905717,-0.286878038052171,-0.175029528723649,0.0551999742571147,0.191514605051476,-0.395208439930807,-0.462654079407581,-0.323109738223936
91,-0.858162238355071,-1.28599631965094,-1.37440020371117,-1.79916546735164,-0.8655506487465,-0.587532650143351,-0.745330111586114,-1.16910847807983,-0.332770069917763,-1.41437209351166,-0.788869582198823,-1.00826101437948,-1.24225254889339,-1.00826101437948,-0.468535243240497,-0.175677906838526,-0.361283622107494,-0.702898101725658,-0.967968433052909,-0.192326606848256,-1.2260298966272,-0.810048615744361
92,-0.190958515401793,-0.560324592011392,-0.865295619277755,-0.346022085989016,-0.405728291775976,0.0233330799901559,-0.732046920660152,-0.130487428539019,0.0279512850112184,-0.995682339291433,-0.35894901775463,-0.694715323850941,0.0708608750548315,-0.694715323850941,-0.516163050250308,0.182972925467612,-0.554740956568722,0.238846482224212,-0.797463174755025,-0.395526070266328,-0.199893010760897,0.166768319692801
93,1.68596841534048,1.5630479797842,1.33238249366909,1.55965772122452,1.36349583340968,1.76557793619968,1.14761409532436,1.66997003252726,1.45777775396569,1.21206843214303,1.3319475285469,1.1874094685849,1.19459717028096,1.1874094685849,1.2361063088184,1.56406245566281,0.998819378279791,1.32985607013033,1.02435329950842,1.11436811409972,1.23417697440587,0.957381361220655
94,0.60920939361396,1.08394314189093,1.58451870958516,1.2586783410498,1.08825721291442,0.588993882360669,1.07782790105699,0.702799697016215,0.394407678725628,1.45286184803495,0.861216173877491,1.41916457971052,0.974231699543793,1.41916457971052,1.06578953507732,0.410021542646488,0.906926887518303,0.481601473401337,1.23928953964368,0.934601602648933,1.39123219708446,1.18625576664706
95,0.476337819221893,0.552441493095856,0.553239073253246,0.615673055388346,0.423874786140941,0.309155072269542,0.686897884811688,0.542168314201102,0.402622838842578,0.720924192220888,0.49561558967489,0.494485207523104,0.560025711554326,0.494485207523104,0.518467101406684,0.266935629876203,0.627653418558766,0.497572424830056,0.663374117644096,0.485687263657047,0.613427875764629,0.566865452662669
96,-0.158071236492614,-0.242310984046494,-0.0590951897440241,-0.0679968729447176,-0.0431127550625029,0.0248538283387522,0.188170311657692,-0.10948380453204,-0.00546031538350755,-0.140100439389364,-0.110752139654291,0.0375397222638042,0.21433167720599,0.0375397222638042,0.380913742815992,0.132146007528158,0.291063789884727,0.153886040077996,-0.0280445489819928,0.445951067824784,0.708476084249901,0.953188158538116
97,-0.225261745014695,-0.19787930065417,-0.235495843158349,-0.431666210395772,-0.225092186526193,-0.413485520639649,0.00832124851213626,-0.302948258727655,-0.140800142048757,-0.0165798686214452,-0.0952419477751209,-0.183320173034217,-0.367372028138475,-0.183320173034217,-0.186462379027693,-0.319795563144443,0.0636455615687254,-0.253588210711674,0.0662124132972313,-0.128642450140692,-0.56771562862528,-0.544861396248964
98,-0.0500386526152699,0.0261500200922738,-0.022185954005509,0.164437628196732,-0.328950494529186,-0.223384880797789,0.00725151661545324,0.0533354764720742,-0.393137539139176,0.125698982251388,-0.291442336722117,-0.265359605208736,-0.273972486235698,-0.265359605208736,-0.172723651079267,-0.493108095790407,-0.249161218171916,-0.343516876215071,-0.16121518579642,-0.357669523840643,0.0133714027716982,-0.358825808282175
99,-1.07363198280269,-0.802950806694779,-0.511671637780956,-0.8038686865094,-0.856966460004735,-1.30399286184874,-0.34426815333017,-1.02785991875684,-1.1158301983697,-0.279458386860906,-0.824627123420067,-0.563175308349259,-0.838975860488438,-0.563175308349259,-0.583396444453922,-1.31296950249118,-0.399698874769135,-1.04738074756771,-0.323482088637152,-0.608140010489743,-0.585369852447267,-0.644519495319517
100,0.364505475004372,0.731042990905987,0.886670013527267,0.810157942317509,0.764259605755354,0.188225997405942,0.37619399073729,0.441370934253375,0.346421557939832,0.885089734656878,0.720958407924817,0.873880082527161,0.829372576682978,0.873880082527161,0.195479729644549,0.194088676661712,0.363563286923825,0.486577959803292,0.869969254270736,0.19966985367623,0.299234377621993,0.339241112260195
101,-0.0201587349666787,-0.47752656068214,-1.21256708965658,-0.721100222788113,-0.633875523288801,-0.281059991629538,-0.599995588851716,-0.0903382089211502,0.201976011017401,-0.826906681423743,-0.218607061312918,-1.03913265632058,-0.397435454147793,-1.03913265632058,-0.877448014115536,-0.0621293546023994,-0.418664601598918,0.163549941983728,-0.581330858097646,-0.715821543237098,-1.35857978790736,-1.12780458860908
102,0.873987807124951,0.942711229147011,1.00516241271924,0.659388248232031,1.21710438916862,0.536468488909265,1.68381789034063,0.803579341636172,1.40788599849498,1.45449314106088,1.49619013192506,1.35480333034566,1.42766191784634,1.35480333034566,1.34720116790934,1.02881557097819,2.05963307745658,1.50522586095034,1.92449372913129,1.66486438503238,0.932766106599677,1.54788744260827
103,-1.70231615554566,-2.51806968018009,-2.6683030760098,-2.64803932290184,-2.92130448245213,-1.54005563089312,-0.642604339449379,-1.80564683783816,-1.89955587765445,-2.23623287607141,-2.69995177802084,-2.84052094290832,-2.98876578862542,-2.84052094290832,-0.474286870734422,-1.72723595768125,-0.824456957478368,-2.18537660051942,-2.41373017885202,-0.628360111541281,-0.605592617926928,-0.998875517531329
107,0.281288246514138,0.428508000387365,0.641992782585572,-0.00573171824110601,0.723164740710876,0.106756547881702,0.983697869826414,0.103287326303971,0.68455224751103,0.870343804024097,0.835696491986989,0.903723348748749,0.451325644840724,0.903723348748749,0.811443364625299,0.468855902913981,1.26380297814275,0.517965649214936,1.21283750631523,1.04208742761412,0.174491379339398,0.524092110716953
108,0.0493854794303301,0.187307162368415,0.259059356173022,0.414999806305695,-0.0936985188755841,0.0346882230381194,-0.0240494036473193,0.165455840430356,-0.346015111958615,0.192642549072904,-0.200736341730966,-0.0166578884282463,-0.10283521828737,-0.0166578884282463,-0.0397645731707936,-0.29807662717472,-0.315241465748856,-0.294596526853997,-0.152446417451419,-0.264273001032477,0.306398002652256,-0.110376572496073
109,-0.128893895616965,0.0702273733186615,0.0226998551664113,0.168366177994442,0.162460772632092,-0.277267952304276,-0.419100112221601,-0.049805053718995,-0.0140448657929732,0.0228985412665212,0.192747077344644,0.112930822356856,0.408733214769814,0.112930822356856,-0.577263722421567,-0.1625447281042,-0.325986092757536,0.187525533307268,0.134083069216106,-0.493101594368255,-0.476934103269274,-0.25632865272567
110,0.033046058395457,-0.220450114929876,-0.395011134433204,0.0549842585573519,-0.0342924960525464,0.431385834164255,-0.788486169585408,0.0876184748555778,0.104357316610093,-0.819111369348296,-0.187094675872721,-0.319307349555297,0.222352961720863,-0.319307349555297,-0.382657278875815,0.4444121597112,-0.712027548382282,0.240130844785083,-0.762478366712736,-0.354770405088608,0.0458334115444775,0.231908287134921
111,0.0238802218891734,0.474358680653589,0.802723894819818,0.539521924330858,0.453536045730879,-0.0103764689226881,0.036405970052489,0.0653068561347362,-0.201206081656667,0.617322500929426,0.245138206181003,0.644730288604584,0.194733867864806,0.644730288604584,0.00107878739741333,-0.196733078419571,-0.130921247776032,-0.219273719057396,0.407541225665993,-0.125897259582471,0.104259165415982,-0.157988555694301
112,-1.85399296473828,-2.35966027161729,-2.16922947492618,-2.2198773659764,-2.48258574309759,-1.54043022589297,-0.831318979991824,-1.8532221216607,-1.97534614199527,-2.04914643946207,-2.49315663757927,-2.286113238061,-2.37562688061103,-2.286113238061,-0.507091133721644,-1.68147228009365,-0.956264772322712,-2.02848927603105,-2.18473638995592,-0.629071989934864,-0.194497174680974,-0.386590220674912
113,0.406883318866372,0.469048748162356,0.598230966055797,0.409930300908686,0.34388473574894,0.542043533870127,0.36513891097275,0.351451937033863,0.13270564302544,0.422522955576361,0.184229963142685,0.40656378091116,-0.0761126577110168,0.40656378091116,0.507970785422068,0.294252142103395,0.164107897597703,-0.0922578858299013,0.171913760711691,0.341319011140359,0.447993713701399,0.0491519769089746
114,0.221937919932841,0.690016394178696,0.673014010614632,0.779428256456598,0.636006961625547,-0.00777402915136712,-0.420196254818941,0.314954512409983,0.0855076076312712,0.558977563833598,0.567695686456246,0.597648500471415,0.623884500635355,0.597648500471415,-0.664242075518219,-0.0957788542577867,-0.502444337250784,0.205186568290503,0.456970723021442,-0.709420027210178,-0.61009237085588,-0.700330495196418
115,0.865081698798969,0.458160706648739,0.103906058786739,0.853419666498436,0.200162841477118,0.976667022795075,0.525282869183234,1.0367053891597,0.682902804916694,0.128958994581047,0.278701535541761,-0.0148679824062007,0.75343612458053,-0.0148679824062007,0.64357476970738,0.809789787344007,0.402441199632012,0.934378167176066,-0.0151154286380776,0.539462669288085,1.2581439608179,1.19722952881729
116,2.39125883609406,2.4112104203485,1.40944879039833,1.69787841963418,2.00623322202271,2.02460672876607,0.175880307348079,2.11639392908513,2.15967191488297,1.36821885267435,2.2199397240343,1.3140388640246,1.09265024342742,1.3140388640246,-0.212371767639249,1.87366301025306,0.0745764038958184,1.53389935385307,1.24838795346131,-0.261066375241648,-1.51655649159855,-2.00374772956193
117,-0.271869465658185,-0.240365117123267,0.207666868822423,-0.548600357724429,0.17714231433009,0.143908169607257,0.0854469857017476,-0.507658640610611,-0.0779387087851989,-0.163361508366247,-0.097304107297369,0.333489484613737,-0.478071525058901,0.333489484613737,0.519648753564909,0.258425750636433,0.21833856884292,-0.446907193340132,-0.0399286163611815,0.589390373705871,0.145912407993951,0.200392187186353
120,0.214941223595575,0.239812316674124,0.719374634212449,0.423505457885195,0.633963334358927,0.783375000509574,0.358584208201247,0.19179806207336,0.279144710770371,0.157994319524736,0.238828670079484,0.76038931416859,0.481954153347396,0.76038931416859,0.952553764561486,0.770287010468074,0.402796553562347,0.262782958237047,0.161121088963071,0.941399502981154,1.35957897686324,1.45363794520019
121,-0.268740526632443,-0.258882897514301,-0.422126533506554,-0.242850801063993,-0.482169722134392,-0.429266531108226,-0.440970301938048,-0.228901385530101,-0.430359638964689,-0.294878994499788,-0.398524799329026,-0.530388783295932,-0.452580124887137,-0.530388783295932,-0.611478705597257,-0.547097624362747,-0.556828150711555,-0.424253956724942,-0.4177197215207,-0.688353137805512,-0.636491740641815,-0.822178950694097
122,-0.417972898068285,-0.177089602458687,-0.148064182248652,-0.041886367859723,0.0852969241239613,-0.444704789060729,-0.854186699789982,-0.345212200494388,-0.205684066630542,-0.316646735155889,0.0264329258056497,0.0156542006486818,0.337505613471072,0.0156542006486818,-0.889338549315484,-0.262165847954305,-0.685485568750216,0.025697774788203,-0.129524949177582,-0.756163663923584,-0.726394856016717,-0.376044559874698
123,1.23040063628202,1.21431100243493,1.28451033904924,1.07054723821599,1.14416236935058,1.36997109724554,1.21011218862414,1.13304412279599,1.06090423816215,1.14461767335778,1.03161803235636,1.16515890975696,0.713023041953568,1.16515890975696,1.36328829089089,1.21071828617632,1.08869430571587,0.801719273494185,0.986747313022708,1.25783117479689,1.19099942015593,0.903065042391733
124,-0.447961600637554,-0.207296421637923,0.0892309247787688,-0.408131630452913,0.0927717159406779,-0.419314731714595,-0.190464344265112,-0.552143088865528,-0.229139152678716,-0.0112617795158318,-0.00340890777312154,0.235897234850347,-0.182074617894673,0.235897234850347,-0.161004865041763,-0.23784560832589,-0.0367951790509521,-0.334756104013055,0.160885309282012,-0.0442162546037866,-0.449868126524626,-0.264844139928822
125,0.118384038730672,0.0662837165171136,-0.00711960547344278,-0.102730345741203,0.341179115054065,0.17538487565526,-0.1060998679359,0.0234438495973818,0.434770899910707,-0.079387511735822,0.369730732539623,0.222402910644279,0.303608965283132,0.222402910644279,-0.0483783411665248,0.436372071984773,0.135468934423165,0.389831246750233,0.197153777022888,0.134402912282831,-0.315777067397127,0.0274439620662013
126,-1.34893756874847,-1.76322121023139,-1.80061244121026,-1.83364564485272,-2.04770451569465,-1.27319391263877,-0.692203836790406,-1.40292052935502,-1.54174788834332,-1.55202233724053,-1.94411516499655,-1.95666320602025,-2.150815537276,-1.95666320602025,-0.615668560886906,-1.4461352542537,-0.858185112743202,-1.73050242253907,-1.72454646507623,-0.750418859047496,-0.690667011800797,-1.0237688459982
127,1.00118707663077,0.810245788368864,0.69507660061683,0.687330758488365,0.846442767184878,1.0891617889035,0.937048595125323,0.92324780861497,1.08156756364758,0.686312383279579,0.882519638970645,0.752714107348803,0.750821901494295,0.752714107348803,1.03458040143984,1.14731780808635,1.0016165181359,0.967831303151171,0.757164667857076,1.07745877233664,0.873554082115895,0.928886079818569
128,1.3555015832572,1.00690975829707,0.810178801578842,0.350915441660434,0.84924048173231,1.31064640953063,1.724073641486,1.04092346712771,1.37567939741912,1.08966633029113,1.03904381509594,0.811296344667429,0.120041770641961,0.811296344667429,1.69038906419055,1.33386069880751,1.73271202485775,0.78175993000422,1.11565322235517,1.70023670687869,0.72169403186692,0.471003142232992
129,-0.365112626574192,-0.24063196464327,-0.174187119909839,-0.132119756456134,-0.667700573615693,-0.574695167960524,-0.000403795160678732,-0.269326539066201,-0.794359282528993,0.0421898035849112,-0.638990638939107,-0.487334972148375,-0.713190056622244,-0.487334972148375,-0.216967901820207,-0.913189851571498,-0.33048968713125,-0.797020186406645,-0.325192779783881,-0.456215569913945,-0.0639232915370502,-0.57057138369491
130,-0.609868354218873,-0.724537361339468,-0.557938609673241,-0.740047275648076,-0.733285587669222,-0.486053129203373,-0.124389508407619,-0.643830548507197,-0.651907209782507,-0.538187088739212,-0.774336228120474,-0.60243452326538,-0.830438186779577,-0.60243452326538,0.00530982386389091,-0.536698120833436,-0.171315813709391,-0.736016487944864,-0.591792501207753,-0.041048787046351,0.0302344360261954,-0.0691585731523884
131,1.44007554362484,1.38868416903498,1.31046388318413,1.34512945967737,1.21443443179012,1.43426915680653,1.38126884911571,1.42146019139933,1.2655034760335,1.32740710299129,1.21759881218668,1.18843728972906,1.0585936373786,1.18843728972906,1.38429748058258,1.28812052783541,1.25782908661542,1.15555530482834,1.17967958290086,1.28884210416141,1.34014721628839,1.11207437165157
132,-0.226648301032777,-0.117439215580247,-0.114262018421665,0.455473848378349,-0.39721820531176,-0.395697120669599,-0.105374424738528,0.0902042717786131,-0.499390194887304,0.0248810475195768,-0.367535045017205,-0.309753649948103,0.319193561831985,-0.309753649948103,-0.281401266322859,-0.606509153274016,-0.311942498592993,-0.0094690383631945,-0.204125391379852,-0.428052039433473,0.579027493345546,0.488250611194305
133,-1.21703458170698,-1.07029650042899,-0.408927428400227,-1.45217989511724,-0.569379981545035,-1.05640513082341,0.0595960731977853,-1.43859205253409,-0.805292833650818,-0.412462071570045,-0.688363706077576,-0.157982548576709,-1.02956726208458,-0.157982548576709,0.231740995303112,-0.72785336022469,0.324995329805171,-1.05344550363719,-0.104001729017091,0.424274844071696,-0.245094368652035,0.0612016530141353
134,-1.01200720414882,-0.923823864178216,-0.468332886972624,-1.03932920208411,-0.644323428672004,-0.821637994457794,-0.285937428297803,-1.10815499485534,-0.856924555239993,-0.571853972631832,-0.794009041953592,-0.380973434778096,-0.897341688020068,-0.380973434778096,-0.087233107041071,-0.71365104632375,-0.194676032778664,-0.975367171893312,-0.473504885428443,-0.0318254865105742,-0.189376844418181,-0.0916028281813604
135,-1.28391559033227,-1.49907231398385,-1.70329514331633,-1.74228075023097,-1.75490245090055,-1.30940970929933,-1.38141209221699,-1.40166492513465,-1.47045134683034,-1.58547003037991,-1.66886581539713,-1.83108159323328,-2.12011268240468,-1.83108159323328,-1.41756545118193,-1.46497475900129,-1.5210217586119,-1.77887195125666,-1.73427883802226,-1.52346215613301,-1.83632873258293,-2.20419110709832
136,0.706644581959668,1.16787286672491,1.64145477688766,1.38575467863296,1.34746663680223,0.443630221877649,1.67049509763963,0.870356815104578,0.878879729312807,1.84987391893124,1.34922956556019,1.73267110172238,1.77476913874215,1.73267110172238,1.41182582868284,0.62102865892116,1.77299973588002,1.26874832807534,1.98148812439292,1.51166278464385,1.80128931312525,2.14678840405186
137,1.18522263547514,0.8176466936332,0.334576518650105,0.586887124535144,0.595402963131139,1.16044857809166,0.67307404348416,1.0760552068529,1.12274108575603,0.446358921271722,0.767945219583453,0.305183831036083,0.41665291405319,0.305183831036083,0.649941415037202,1.11123836420734,0.644966438013645,0.887252405781593,0.420004729503592,0.630150868089048,0.264986111137609,0.110808778520367
140,-1.41582454010962,-2.0104670245213,-2.04875943584596,-1.808856944005,-2.15949068606632,-0.870808011310542,-1.38485498394069,-1.43091446139636,-1.68445085668768,-2.29678251185402,-2.31117616329112,-2.23850804205256,-2.2090172964406,-2.23850804205256,-0.827368838882258,-1.16369232595951,-1.58945765657152,-1.83147742745463,-2.55351141067654,-1.02916001990424,-0.450483450137409,-0.808509611345681
141,0.286504204221375,0.266503948687973,0.349244789318396,-0.0725934833340832,0.484724953666838,0.78934629619378,-0.527853435286249,0.0184954444540648,0.20797840182111,-0.294961285614321,0.134786784232879,0.319631577715855,-0.454331066270942,0.319631577715855,-0.0115902598978084,0.663334000191734,-0.562017072581813,-0.340469277535795,-0.386241070926854,-0.0778290208508706,-0.503066049675624,-0.796546919807732
142,-0.0159311469853234,0.351777149874715,0.377962498761479,0.565137727254142,0.735715591245513,0.102259935766499,-1.07294117968857,0.0674911633629887,0.17924600730346,-0.111441999389543,0.518047176538113,0.549148598031273,0.912816827011074,0.549148598031273,-0.961180398547443,0.253343140366063,-0.897991699223697,0.424107624565908,0.057892290768471,-0.834498967281272,-0.691383554142035,-0.325475890544698
143,0.576937993177581,0.649086496898985,0.580819911509189,0.778298521722535,0.587255467097275,0.662243742881993,0.0245819282412656,0.624714756771971,0.409209420125278,0.35894648708105,0.472828479238667,0.479906434274163,0.552402231273095,0.479906434274163,0.111396836137791,0.510542259102955,-0.0823604578648344,0.428809824951742,0.21616497869549,0.021856557966909,0.294354123874542,0.14140125878868
144,0.102250109918366,0.235002881354393,0.200836820540107,0.710622867949829,0.00289978493894483,-0.209301695009416,0.382355770151289,0.400306836404165,-0.0243041484427631,0.499809335386764,0.14161510293748,0.102962875404186,0.786194435440537,0.102962875404186,0.0620285409972508,-0.279298587876858,0.280760948119342,0.493292558081211,0.404994954060856,0.0079685417525618,0.765866584407953,0.843956418928285
145,-0.358313534415674,0.190305509838382,0.735831583276252,0.350948588868626,0.547230302342494,-0.451673460249938,0.20538553017588,-0.257920402624932,-0.13891749915377,0.661126867892403,0.398693267257239,0.873730977414359,0.745225136945207,0.873730977414359,0.111783992620958,-0.255169101563283,0.351022142866417,0.148676836166716,0.825241795537878,0.231912778412427,0.390740947125382,0.747348494411766
146,0.755260298485943,0.775008692279806,1.03914575936654,0.543469986381188,0.69363630753097,0.794783617337124,1.45153125795931,0.634236863592179,0.622746235060194,1.11180530779291,0.639286361858443,0.923689357919596,0.222973310744865,0.923689357919596,1.5049614039153,0.678422985511525,1.33565469975508,0.333648531144871,0.976701508403145,1.41152704403894,1.22846541487263,0.938648218881657
148,-0.821382643249811,-0.877002504279628,-1.01291389877574,-0.65259654503801,-0.944685964007633,-0.671565633076514,-1.46574255454206,-0.742192186914919,-0.982412633773411,-1.24970018026587,-1.04695453159189,-1.10551520378974,-0.829169584428589,-1.10551520378974,-1.32220986248926,-0.826102916182076,-1.56939868246151,-0.901070027303583,-1.38490143203945,-1.41404376499133,-1.01891995978217,-1.14676354911084
149,-0.07207934878228,-0.15410346459052,-0.330925915186341,-0.286805019971382,-0.0731108058597102,-0.135786017300618,-0.278012662457051,-0.125276049120405,0.110188502689155,-0.262694017483597,0.0331647834446778,-0.196379018692369,-0.0441202953404636,-0.196379018692369,-0.34688309313985,0.0259533056749649,-0.137093868604664,0.0870254872831637,-0.0914078708712924,-0.23246696217908,-0.583718576452243,-0.389745698688013
150,-0.89805946276858,-0.373859339033156,0.172102402601162,-0.485932892966162,-0.213430234499869,-0.943326476806537,-0.39961429649828,-0.94273293570829,-0.937763173739126,0.0506246635541529,-0.421400640439559,0.130068647638036,-0.625262845017059,0.130068647638036,-0.447519463331232,-0.972079128236338,-0.446065647934547,-1.04173671384182,-0.0113948833679162,-0.479983157111283,-0.59784075448269,-0.716954311012006
151,0.128361603427913,-0.083583518750705,-0.071433260178982,-0.304468983136036,0.202774264581654,0.262205772613867,0.373281543113296,-0.00843019170270395,0.484371647671323,-0.0587132696633898,0.254835124543377,0.17103957823047,0.134843298400143,0.17103957823047,0.515861992829014,0.547593248292762,0.630896780527511,0.376260169944503,0.24099440014794,0.704732776273848,0.219230891908402,0.569700130647203
152,0.0389406452582565,0.236031196742666,-0.0385562141843951,0.182680672194973,0.262695930320262,-0.345878898040663,-0.406955759963664,0.0910136637057947,0.241888376676689,0.173252050836225,0.470058615399514,0.118248159789546,0.54237026052602,0.118248159789546,-0.811458079610309,-0.128423289317494,-0.243502611783531,0.429976160191383,0.384490439539273,-0.653883715804657,-0.998878755106702,-0.692855949273787
153,-0.259953305790127,-0.300131504585172,-0.372813226175488,-0.0231286380943848,-0.552265724479974,-0.373724313372336,-0.140787178276309,-0.101014433647357,-0.463935026529911,-0.216118509092219,-0.484710260584078,-0.520065204096297,-0.187383184883433,-0.520065204096297,-0.259584915129284,-0.532947485132777,-0.296368716327116,-0.247477992609085,-0.384425669298237,-0.371115268613608,0.150793173564208,0.0115348830649731
154,-1.50792304321515,-1.72942179385864,-1.84175512825512,-1.56903526785452,-2.07744941923905,-1.58509609955021,-1.20098144932291,-1.41652901508482,-1.76660208887631,-1.59581121086156,-1.96319268999559,-2.03286791886576,-1.86510724411085,-2.03286791886576,-1.28815651955877,-1.79569428733115,-1.40635797413288,-1.70491874482324,-1.8117873170787,-1.44105806320808,-1.06441167925589,-1.35538660661885
155,0.422707967106266,0.183055172476447,-0.212562404968376,0.164108805613008,0.15875414927,0.410710076529552,-0.178175287010172,0.415092480327306,0.522598152859019,-0.190623099427501,0.288022664293261,-0.124189109225995,0.330067393421307,-0.124189109225995,-0.194074101143898,0.496904198673586,-0.0856005685577433,0.55175936942286,-0.0800713811307398,-0.121158454787841,-0.270558538903916,-0.125478517776376
159,-0.425841733591504,-0.165651469166902,0.0633123725719644,-0.252843204500557,0.0153517517514432,-0.579839380548009,-0.0123464028507958,-0.437137373671565,-0.231930121734552,0.165476746130291,0.0333557436789709,0.187452291196933,0.02367601340476,0.187452291196933,-0.171015787847755,-0.397732743702546,0.118453931751739,-0.169951771164504,0.327188132913773,-0.0574696025621107,-0.304841304294478,-0.0827648322749173
160,-0.447737097610976,-0.220143437434858,0.0136044688062746,-0.0993393121852796,-0.0105615485864416,-0.571459757613555,-0.0106309598064477,-0.362706653758363,-0.224540167062603,0.105536292901279,0.00511413831121174,0.157589545683133,0.312307449436535,0.157589545683133,-0.137723006718035,-0.368185622274881,0.141161931661274,0.0351051236801209,0.290774812509982,-0.0103259070573291,0.0563743516671677,0.404585587597337
165,-0.387540931703209,0.12043366307162,0.663328067726251,0.255385244833149,0.474936094738582,-0.447302087078016,0.188528859056271,-0.306824933285227,-0.174405901023703,0.577015159636221,0.320316804768749,0.796404729030468,0.624037609112683,0.796404729030468,0.129794078230857,-0.260104589305328,0.32907603297872,0.0726529233621422,0.734133493978539,0.243299058083635,0.375110484119792,0.706880522710586
166,-0.241309274073346,0.401864298313742,0.755756635398687,0.758988194830337,0.35114067828272,-0.299207586740102,-0.563447958540504,-0.0504543542819499,-0.582531171185875,0.440146783132717,0.0568215361803536,0.527022800363318,0.357113759369134,0.527022800363318,-0.628628206808147,-0.581174297017727,-0.808233850585579,-0.364301295093039,0.132047959852388,-0.813552224575698,-0.108984286819948,-0.386648429406864
172,1.44007554362484,1.38868416903498,1.31046388318413,1.34512945967737,1.21443443179011,1.43426915680653,1.38126884911571,1.42146019139933,1.2655034760335,1.32740710299129,1.21759881218668,1.18843728972906,1.0585936373786,1.18843728972906,1.38429748058257,1.28812052783541,1.25782908661542,1.15555530482834,1.17967958290085,1.28884210416141,1.34014721628839,1.11207437165157
174,1.44007554362484,1.38868416903498,1.31046388318413,1.34512945967737,1.21443443179011,1.43426915680654,1.38126884911571,1.42146019139933,1.2655034760335,1.32740710299129,1.21759881218668,1.18843728972906,1.0585936373786,1.18843728972906,1.38429748058258,1.28812052783541,1.25782908661542,1.15555530482835,1.17967958290086,1.28884210416141,1.34014721628839,1.11207437165157
184,-1.66241868413338,-1.61963793824152,-1.85429269228926,-1.46578586784422,-1.78783018177796,-2.03407219262069,-1.70322901134848,-1.51391615269723,-1.631542662051,-1.50290565053551,-1.54647344517949,-1.8304157824318,-1.27069342249582,-1.8304157824318,-2.10125342575946,-1.96478758245095,-1.68427414901276,-1.3347347483781,-1.44504563973784,-2.05660557658563,-1.97046862796082,-1.83639749657701
185,-2.57144773047083,-2.55338043331603,-2.67409743049395,-2.18125859980465,-2.62823067991327,-2.62411239460035,-2.94687169319381,-2.38072341020914,-2.64223616250724,-2.69009977640026,-2.61159923292976,-2.71050279772988,-2.11186855039963,-2.71050279772988,-3.02282704575976,-2.67928967355407,-2.9966216877231,-2.30941949929765,-2.7386340590099,-3.05653783958506,-2.54217076229301,-2.49041644557663
187,-0.587743897264332,-0.479123629732202,-0.643712288727387,-0.026882854559306,-0.767040366253271,-0.62626243086129,-1.28116037067932,-0.357141162740838,-0.962390350820462,-0.780628032035888,-0.842070316450997,-0.885082652199604,-0.403643199395476,-0.885082652199604,-1.3323901303417,-0.939019334082471,-1.54122849305331,-0.682698389267811,-1.09022192555593,-1.53046613688802,-0.708964531684362,-0.989104503342171
188,-2.13351595964827,-1.62426385430674,-0.286296953534438,-2.47598114765624,-0.224368621286287,-0.643058027650895,-2.64928189980728,-2.85334525023856,-1.75556666023603,-2.12951731644065,-1.43005469571874,-0.000783921546026615,-2.62904809270708,-0.000783921546026615,-1.11930032829083,-0.501649868640722,-2.36065679563776,-2.97624219639585,-1.93573430429764,-1.01376905849276,-2.23442530558816,-2.31542404133595
194,3.28949001401159,2.54101962514535,1.71565036982223,2.59053850073942,2.25034282060352,3.16640551977861,2.92057048389773,3.33922409744306,3.4102478170551,2.1346598373997,2.6876113546486,1.80858272090745,2.87838023732773,1.80858272090745,2.81085635535896,3.28517301354342,3.03084984227398,3.56165336404348,2.28646599806908,2.9057113079182,2.88977385086253,3.13869799439634
195,-1.36879239249143,-1.0161632663868,-1.09751576978675,-1.20270538224721,-0.833420755821399,-1.63902554416332,-1.89341228647893,-1.40655762976816,-1.14078639814823,-1.08853630140625,-0.771915553374934,-0.919335527177772,-0.899166039618127,-0.919335527177772,-2.18905615799543,-1.41482726489742,-1.71345542739413,-1.11585475554914,-0.869235671024705,-2.02752701477168,-2.59397859733373,-2.34536386158076
218,0.539007853855103,1.27626871898139,1.80272609767976,1.19458181047377,1.13734146110578,0.0606150709383851,1.48569508792654,0.599421709320671,0.341584754970769,2.08994022923445,1.11300729724915,1.6348193393914,0.901278560812479,1.6348193393914,1.0017811263688,-0.0492575412462461,1.31383785953023,0.372530723778769,1.90924283882069,0.906167272110013,0.88779124912872,0.638175881106014
224,0.0564116670496723,0.441523503305806,0.760159706170245,0.237584111384252,0.671878947983582,-0.0794170045263213,0.422315228571264,-0.0148106984625198,0.236350336081097,0.772600026041892,0.620125955348586,0.875886697227309,0.426677531976565,0.875886697227309,0.285282054852757,0.0889978303091796,0.545589611819094,0.177697213782859,0.916878095451765,0.391479386632774,-0.0173425291081153,0.140684027054095
