OLG_L4_5_L5_6,L4_5,OLG,RELN,L5_6,L4_5_RELN,OLG_L5_6,L4_5_L5_6,OLG_L4_5,RELN_L5_6,OLG_L4_5_RELN_L5_6,OLG_RELN,L5_6_RELN,OLG_L4_5_RELN,OLG_L5_6_RELN,L4_5_L5_6_RELN
-0.930259079475025,-0.538341767848482,-0.950442743722882,-0.390634165573292,-0.200547286729423,-0.501391786710198,-0.926865292932001,-0.395658138461589,-0.947290427719768,-0.219369991281722,-1.35315702776228,-1.09415700807922,-0.219369991281722,-1.27050804000667,-1.09915284426208,-0.384456721839585
-0.952486688700943,0.0667665459268912,-0.175562520429962,0.275243017101617,-0.149645350262826,0.369243623711599,-0.446698294427833,0.13616697974868,-0.653901432352285,0.176751432075452,-0.625265881895966,0.397232990503502,0.176751432075452,-0.291842840400533,0.164903027287904,0.341857925506576
-0.305793821222849,0.0793217552502214,0.122738533351108,0.42966983078874,-0.0641788209725307,0.376889412211501,-0.41661745709954,-0.240377245662505,0.234147521699629,0.229682817956032,1.08691246703843,0.633762658032507,0.229682817956032,1.51606416416858,0.12030908858284,0.00104818061134047
2.59043548247906,1.3894932088752,1.31287678024946,0.868238079133732,1.91362033230543,0.822046265392954,2.372219142359,1.88022258609641,1.49924302412479,1.3054212262027,0.632182940535493,0.222837970323999,1.3054212262027,-0.444615931717679,1.24945510092503,1.43297391107234
0.44086222588655,0.345499529965765,0.214444187965598,0.340933180865804,0.587057042677063,0.232717163169355,0.207222937220587,0.314394941106162,0.436058229453158,0.43716674145646,0.113332691761621,-0.119625736824802,0.43716674145646,0.126348137985624,-0.155057885135995,0.238506754322943
0.237931078500025,0.891668700235962,0.675132674263983,0.835911072059418,1.00037829587775,0.678981179883303,-0.0859905605884624,0.470095841911472,0.988750240139053,0.764334770044961,-0.570457496241444,0.0966082120902867,0.764334770044961,0.336193789397909,-0.742067780079203,0.363705407804047
-2.23103062089147,-1.39487953748314,-1.73789096648123,-0.986930047075885,-1.21410252440367,-1.16407365734878,-2.40646129228612,-1.66561778175135,-1.55018802277488,-1.03872393820608,-1.70505964638045,-1.57297409391427,-1.03872393820608,-0.914107867921183,-2.28561477730435,-1.47716654678621
0.289763548198389,0.112520887481769,0.264027472187649,0.101960600142504,0.103934642415534,0.0221534917914225,-0.0597898705218103,-0.19396996840235,0.599748166933645,0.00815746092403499,0.49128696603666,0.0695389940241919,0.00815746092403499,0.78856870936487,-0.282794060531543,-0.226550484703292
-0.105026850519703,0.346205723868412,0.494377516545477,-0.105468961569454,0.0687453934117557,-0.0866912264657894,-0.245215053901436,-0.118269073588145,0.633612979426097,-0.309731416068637,-1.66795860241686,-0.240138770957223,-0.309731416068637,-0.662193754030476,-1.07408424883655,-0.375549660671897
-1.50983455064593,-1.5688960608855,-1.12681698647006,-1.5632172344172,-2.02830281276948,-1.45131401044635,-1.4761018163281,-1.85367808342944,-1.14690927768599,-1.84856639395984,-0.694601292580915,-0.707253893803436,-1.84856639395984,-0.323455996641015,-1.0518159854751,-1.74353571188561
0.51439833514917,0.217369327518861,-0.0624340918697935,0.136036323058074,0.498259655191576,0.219371599288589,0.93737387288098,0.924302648571096,-0.47777904775726,0.478637747733603,-0.18615927940364,-0.0584103579370549,0.478637747733603,-1.20536539941843,0.985913596952988,0.854697528298853
1.05318553189412,1.29824337003712,1.4040282585546,1.17499621054622,1.1035251835464,1.18467755671089,0.972800689068595,1.00971745046685,1.47608262089352,1.01955469674866,0.869267725474901,1.24269899471137,1.01955469674866,1.29831299802494,0.800518378235096,0.95991673729361
-0.308044383256009,-0.947243232718738,-0.683241424025373,-1.21591001773301,-0.881482611115478,-1.2878759530705,-0.763544441722748,-1.17958148577794,-0.242655336762867,-1.22428290238743,-0.973452707196683,-1.30761115032516,-1.22428290238743,-0.802856847026778,-1.4620023279701,-1.39635429797583
1.02336196217727,0.520364642382279,0.745440426380502,0.286713482693034,0.466390498258005,0.315621618978961,0.89047051093649,0.485427585649831,0.865321993259263,0.281210812288586,0.672959835491539,0.459735148516578,0.281210812288586,0.491819801680732,0.596983540542819,0.345413138435041
-0.991097293902781,-0.714828902436713,-0.958677936020022,-0.662413202791937,-0.593295244094562,-0.647625512980018,-0.753787488353718,-0.464948281513796,-1.18094308775641,-0.541605437348595,-1.34945158296454,-0.893081072894906,-0.541605437348595,-1.45993132937585,-0.68896315005713,-0.443406452722234
-0.802165949466403,-1.76662089432115,-1.79877318009466,-1.82644521952428,-1.27577506987574,-1.95660967826704,-1.17409601046038,-1.51772774418929,-1.4385962224168,-1.53216310227432,-1.28324433554281,-2.28358208553693,-1.53216310227432,-1.87442074736641,-1.706837799978,-1.67767604978887
2.33507052089779,1.09067711000759,1.67899561421603,0.40326137421626,0.901903896933066,0.515601310819088,2.0843102106311,1.04178580693301,1.90171260542226,0.390046591109133,1.1061253110884,0.889333015753446,0.390046591109133,0.667436178297888,1.26688909280303,0.643279752946271
-0.366337287860435,-0.375135825153104,-0.0754510733625716,-0.653999946530851,-0.687489664943319,-0.579098435875668,-0.410661955480909,-0.644328215244653,-0.0285824015321102,-0.836223016369559,-0.888617216419684,-0.306324290647905,-0.836223016369559,-0.436361060722848,-0.67974237333026,-0.760885023243356
0.577259601055774,0.223548162260661,-0.0830869689087203,0.427691270060667,0.684952177874472,0.335089578694648,0.555376709637423,0.633855116529102,-0.0692823958385903,0.725719981797337,0.80656054758613,-0.0401484024988804,0.725719981797337,0.0438723861357311,0.629819345533721,0.671121376170795
0.214492160632233,-0.195666095691952,-0.235140691539212,0.100827165288196,-0.0169009649697318,0.0755603527748062,0.225485884703714,0.0569997686882337,-0.2495164299919,0.217883277887709,1.35827830675706,0.227581335618601,0.217883277887709,0.698464137409899,0.748699081590113,0.222072683206296
0.149804354088872,0.818867238229357,0.380233080329262,0.820790180632637,1.08196769845766,0.707985914935509,0.126900266073605,0.805592426387639,0.402469717134479,0.930989959368159,-0.810305990878549,-0.0327290739175074,0.930989959368159,-0.422526478371672,-0.330034077555689,0.729603137797927
2.97275673441029,1.51260153528416,2.71908918491873,1.14645933327845,0.623612235538008,1.47171311358619,2.97617925464894,1.2660307306221,2.6936372146518,0.73145836305708,4.52372215802769,3.26351142609853,0.73145836305708,3.87137316868279,3.62958757251654,1.2632567887296
-0.161901877357007,1.25387305486307,0.758669545705598,1.54202752657315,1.10612681905742,1.64537630433637,0.561362229544854,1.48221375627134,0.0652789442830706,1.5113019700359,0.0859456337897575,1.44457539032942,1.5113019700359,0.310634626943799,1.31588887821502,1.73538050897664
-0.0287925347392045,0.177935406770105,0.410089850575075,-0.150926197800751,-0.159625690575592,-0.0639500997784695,-0.00213720727436303,-0.0974684307479582,0.386715549520381,-0.339805146088457,-0.842369836609256,0.10662085277746,-0.339805146088457,-0.286392562933725,-0.3459268828879,-0.239640009294322
0.591875028253399,-0.181447855932511,-0.124215291334945,-0.297020124729114,0.0581196446608357,-0.32491038837664,0.436687289955966,0.0486090955854118,0.0180632885055599,-0.110456062947407,0.307230054986457,-0.397753122490481,-0.110456062947407,-0.312567042389215,0.16059825483482,-0.0755388987367132
0.931152349979902,0.650056961416784,0.747577392480472,0.658415875185683,0.645719663778531,0.659424111344391,0.857443142031032,0.649893701138164,0.811370594819722,0.655583652380026,1.26833449939039,0.796657321108172,0.655583652380026,1.04740653679106,0.928768602647626,0.656986076857079
0.52739619539997,0.724702397902387,0.80919634941147,0.528264568400263,0.575329258568856,0.53974667795616,0.456883993907188,0.492009451613429,0.875056064852908,0.417913938344027,-0.0473546073156335,0.508526552932361,0.417913938344027,0.375994667460279,0.125619048941046,0.385969880290219
-0.111687225365071,0.569430587246293,0.734223901508846,0.394814507492363,0.10858686162456,0.495304799877749,0.0370475626540215,0.196938240449125,0.595457847536499,0.104866250521174,-0.446961052377818,0.735097944351398,0.104866250521174,0.370904496381729,0.0189143329782521,0.18276543749482
-0.00424885374051567,0.517641387074124,0.250180690719324,0.610428449498729,0.620031379211804,0.55783354674356,0.0500408770835711,0.504347990643556,0.199002164189081,0.639792807966017,-0.217824279001777,0.210279438871028,0.639792807966017,0.030506529370089,0.00156236200583599,0.534330913640012
-0.721179166156967,-0.591127894141359,-0.620738733325536,-0.342749866059602,-0.687958301133968,-0.260351428485626,-0.39728752519446,-0.374132610228335,-0.92825177788208,-0.350251472366933,0.229145474966986,0.0453321885523393,-0.350251472366933,-0.0781763795102201,0.331211264972801,-0.163906059312799
-0.599928448716088,0.0449785888223541,0.22554838766309,-0.148900898556567,-0.353528777863145,-0.112805340060707,-0.653175747479387,-0.473637977700803,0.28534871696444,-0.453101976393853,-1.10345184243873,0.0166630614575462,-0.453101976393853,-0.0452338866251666,-0.917668598937717,-0.532302705262649
-0.898773955884095,-0.677649428668194,-0.411319798267863,-0.904309265708971,-1.06996992430057,-0.790520870344922,-0.787665815807505,-0.912660550746093,-0.509975209411393,-1.11743349111386,-1.3024036469779,-0.452326614512588,-1.11743349111386,-0.781875754779354,-0.85651216103795,-0.968854412597744
-2.39954013786658,-2.78969526485534,-3.12635195694605,-2.28018077402063,-2.45729904272646,-2.15961674032895,-1.67747565513315,-1.72183290635041,-3.811083876707,-1.87959388645667,-1.09363395883721,-1.97717749312408,-1.87959388645667,-2.67024798874178,-0.40730790963064,-1.3885404220259
-0.151418321884997,0.159923867134388,0.533261108074591,0.026195814341533,-0.331090232359395,0.0894662275811711,-0.253247195554715,-0.383731014743338,0.636168942155698,-0.332896452464121,0.0494442217277006,0.560562831828561,-0.332896452464121,0.88973222937974,-0.249898215272183,-0.378401401544691
-0.938004685034472,-0.141074502342465,0.0840322860454779,0.142087741626381,-0.727851677199005,0.258135625284429,-0.683197070826795,-0.531021141083448,-0.150583620217014,-0.263243159679662,0.614468359097751,0.976474945064473,-0.263243159679662,1.32580873263755,0.260172340857575,-0.211239291695418
-0.41408941688443,0.443528344399131,0.732046319720969,0.160992865207137,-0.338228621624359,0.441340007498369,0.161845314419783,0.215254355096252,0.183962949037225,-0.212283741024671,-0.80460414618986,1.05488320881735,-0.212283741024671,-0.0829502348963669,0.501748570577947,0.237034768666732
0.364363055351151,0.107122569008792,-0.121914574994691,0.205499529235468,0.463127905208488,0.125434266761599,0.305105489590178,0.377198689352561,-0.0696196033626635,0.428727092743709,0.297239511027365,-0.21899325769375,0.428727092743709,-0.185789714346666,0.216108363912679,0.362959603467437
0.135201152507332,0.0392613397445338,-0.0474125518243549,-0.00200223921887759,0.140126795011801,0.0110935525174661,0.225356009132336,0.228660470176385,-0.136418093187446,0.103259679277226,-0.162781292202322,-0.110315292752132,0.103259679277226,-0.428191799179852,0.168046902553949,0.189819964128621
0.0798460432254126,-0.323472299215123,-0.507787955261443,-0.185280015015905,0.106644348801644,-0.336800404693096,-0.21283326831406,-0.192402270493942,-0.228370922064287,0.0237999865193745,0.159326907508296,-0.717075843391271,0.0237999865193745,-0.19040425431812,-0.437123265139021,-0.215212444463358
1.11884546296266,0.861370330808086,0.713700389599433,0.63576321018507,1.06689418090871,0.654757805053031,1.22210077088039,1.18397288813661,0.604013425909475,0.84862132177427,0.0817432587403864,0.319113423880131,0.84862132177427,-0.406753992590238,0.825349049245825,1.00690343197759
-1.07732046985219,-1.27571921576186,-1.6806594492448,-0.828191331754776,-0.747191615910576,-0.950068990727026,-1.05061459748268,-0.810380674058315,-1.70191666627627,-0.514303753231935,-0.270618374495544,-1.3089534130474,-0.514303753231935,-0.996149709233748,-0.643804510044764,-0.629279186458939
1.22800948267212,1.2578962960958,1.11069477139609,1.30379446191968,1.34837864615639,1.31968626017473,1.37789239016048,1.46506938635356,0.956605683221819,1.39951148821591,1.28600248336446,1.20837416952644,1.39951148821591,0.919607610507333,1.515657662939,1.48859656490091
-0.508578900891991,0.618137297243623,-0.0119732016888906,1.06702701740118,0.873913229352288,0.958042235021046,-0.284560556947087,0.721185423237359,-0.222464300377131,1.15462597235876,-0.11327764188734,0.351808543153694,1.15462597235876,0.175045164274635,0.101013033169507,0.950215382905817
0.775089388337025,-1.68486968131355,-0.965933851112968,-2.22617495356816,-1.57824630283295,-2.09427997078659,0.53013541470204,-1.1823176311614,-0.74328444293764,-1.96486577993476,0.294399580567682,-1.42150045755489,-1.96486577993476,-1.33887231024491,0.082875036778805,-1.52198716967615
0.267756515972174,0.815559599633208,0.452330747831688,0.933837895448462,1.05472980383551,0.808488997000639,0.176828347047937,0.75003749178416,0.539263477633034,1.0039954353651,-0.0720678558334153,0.23863249334208,1.0039954353651,0.252338332146921,-0.0618275212332361,0.752280516405936
-1.01382481036951,-2.39597731404442,-2.11319454309614,-2.51795570081689,-2.08363486046892,-2.59778478545139,-1.47172209143379,-2.24912287957787,-1.66894623727221,-2.32419702464458,-1.09870670602753,-2.49630651964227,-2.32419702464458,-1.74896114731592,-1.89773492170632,-2.40758113343133
0.242974223608711,0.54794561312227,0.21886711683944,0.699758132136855,0.848804677641574,0.562564605855676,0.0990546006527643,0.540557479429762,0.356155504339344,0.809932761092535,0.100703614402988,0.0415312959655613,0.809932761092535,0.229212252409796,-0.0967217282191826,0.551991932462143
-1.18608738826056,-0.499328224618945,-0.370104862130582,-0.487835623295948,-0.98836107885922,-0.318520610924533,-0.759636412127888,-0.617050879493358,-0.769919455211165,-0.736766602425023,-0.881786353870495,0.1406517687938,-0.736766602425023,-0.405353930449164,-0.224569649995538,-0.478475674745141
1.89956812983086,-0.410754031159901,0.184663996902015,-0.694697853369372,-0.167097447592407,-0.684311705351929,1.42502812658845,-0.0779884898378694,0.621467816294051,-0.455411886684578,2.21609753129967,-0.151884562922973,-0.455411886684578,0.686278846054395,1.11592374235124,-0.304102014529106
0.192252095981188,0.237148882736984,0.780581644558576,-0.307690511424465,-0.347914068798219,-0.184161993626453,0.059735074257024,-0.333087759614769,0.910258904423195,-0.665807252464815,-0.834542661859633,0.263933290634797,-0.665807252464815,0.0661310119882045,-0.52502435669933,-0.571657734591894
-0.234561822337793,0.369171395352537,0.380202538800305,0.370057140674403,0.162735515111422,0.359580963180586,-0.269122694199956,0.0202160024815657,0.418323236746309,0.176338560591121,-0.277315406435624,0.35921605526979,0.176338560591121,0.451143925815083,-0.315005986527375,0.0488875689740911
-1.00576212217401,-1.37826832642605,-1.26840177639511,-1.33005340286559,-1.33550889700243,-1.33422297806149,-1.07810817642712,-1.31795308768739,-1.1927170614565,-1.29957139845276,-0.69922346807788,-1.17273473522628,-1.29957139845276,-0.889173489109621,-0.986277723161001,-1.29410549026232
0.687151411871449,1.08483477009933,1.18421423674059,0.957951697477105,0.908333248647114,0.899191492736405,0.411245496908246,0.573145077182273,1.4485625659572,0.744294376310838,0.356024827933225,0.827279777528627,0.744294376310838,1.19110337454837,0.00573971978969661,0.494984850452727
0.0608717227633461,-0.0945876935550605,-0.406265282108987,0.146329093601308,0.202225350448384,0.172864365892901,0.409108000486728,0.510919603496341,-0.745633664570642,0.426575810224061,0.487963999095828,0.0232970357806764,0.426575810224061,-0.446982202735958,0.909173025817271,0.637890177546062
-0.0127253203413604,-0.856052090310256,-0.635562409797669,-1.0378586688069,-0.825575323436801,-0.955311418537451,0.0357898750787057,-0.556120204559464,-0.685475084394268,-0.913363686389461,-0.20306123773082,-0.692697673015445,-0.913363686389461,-0.911119485423153,-0.00714312609818486,-0.656740387712531
0.924508526288146,1.50156524137399,1.47715056313944,1.46006634229625,1.29478410822481,1.483121975982,0.995214828152578,1.26456871758936,1.40506793903881,1.30489512989619,0.80793594321134,1.46873677271259,1.30489512989619,1.29798923135559,0.989217833199904,1.2766004104717
0.527396195399973,0.724702397902389,0.809196349411472,0.528264568400264,0.575329258568857,0.53974667795616,0.456883993907191,0.49200945161343,0.875056064852909,0.417913938344028,-0.0473546073156315,0.508526552932362,0.417913938344028,0.37599466746028,0.125619048941048,0.38596988029022
-0.41812578968682,-0.530357289568823,-0.195540373930796,-0.722166180020429,-0.826381148386879,-0.666646755979021,-0.526717387966006,-0.823593574321177,-0.086527148896213,-0.915022525502693,-0.542111904824202,-0.311290055659379,-0.915022525502693,-0.143824219493822,-0.671664260022544,-0.890275619580931
-0.472420529726754,0.17081957577397,0.260556094332847,0.437922606669799,-0.182457920818169,0.482658547765449,-0.341465503585939,-0.130791109437268,0.140946515998368,0.162318263991338,0.742334892934563,0.896527675059483,0.162318263991338,1.28238494071662,0.33169430294067,0.118914360147262
-0.0111908356481933,0.404569913950951,0.881748028288406,-0.0598408309431441,-0.273470919122172,0.089153094707683,-0.00147518737308984,-0.192446624878705,0.876888926767935,-0.476016286123153,-0.852167654977051,0.565153764378741,-0.476016286123153,0.220937152418255,-0.372937120940429,-0.353754934517869
0.219324546499327,0.0390750764104912,0.34678252824106,-0.189464780365253,-0.212226763799558,-0.136805050297264,0.107840534937088,-0.205976077074321,0.453640156678133,-0.343995731466169,-0.0338453907328213,0.153153582893421,-0.343995731466169,0.241702674440501,-0.108986254532523,-0.304909760110173
1.06931081179269,0.96078576426085,0.82526710575038,0.805031458686505,1.01711486762834,0.918330630725378,1.45926181311159,1.42005336094649,0.439606720010587,0.985412844484603,0.424641325794066,0.818395761979955,0.985412844484603,-0.235591274034139,1.49436409541413,1.34469443138105
-1.15663576672771,-1.19148845852004,-1.02168857480785,-1.21211019451464,-1.2930792717746,-1.23944880446692,-1.35192636315293,-1.45066159918648,-0.824120993800524,-1.33119933600999,-1.07327783857338,-1.09755328128619,-1.33119933600999,-0.661757421577507,-1.46716259594074,-1.45918140923088
-1.50983455064593,-1.5688960608855,-1.12681698647006,-1.5632172344172,-2.02830281276948,-1.45131401044636,-1.4761018163281,-1.85367808342944,-1.14690927768599,-1.84856639395984,-0.694601292580914,-0.707253893803437,-1.84856639395984,-0.323455996641015,-1.0518159854751,-1.74353571188561
0.04089480411877,-0.187296006251642,-0.424303035663248,-0.0752680020090221,0.20242880209671,-0.193113175491055,-0.11899786818124,-0.000897107033024612,-0.272355549665106,0.135954729013573,-0.0631643246198726,-0.60321425812655,0.135954729013573,-0.393343971054542,-0.308165247237821,-0.0238952506095911
0.439914777990815,1.73099492206653,1.22982890439203,2.27304501722892,1.81788966838747,2.13868942130883,0.508575395094052,1.51153630351848,1.16431052793031,2.1800838284027,1.52732514521116,1.73850492566408,2.1800838284027,2.15701225191802,1.05344325460461,1.82153158719262
1.81330387066957,0.741899277583004,1.55458015409725,0.07388206626828,0.25951228033995,0.227363193457993,1.53509962865315,0.404838005702038,1.80947124497403,-0.155148329181699,1.06543908358237,0.969138169741535,-0.155148329181699,1.06116471294956,0.919856794189334,0.0776392362678884
-0.317975166931202,0.676248331116432,0.081944612335261,1.06193817623084,0.872979003369962,1.03683067819594,0.11438248910085,0.980035996056488,-0.331751623632705,1.19139600587184,0.00540178819373939,0.567358646668891,1.19139600587184,-0.0336883786134745,0.648438823744492,1.20343390883223
0.148072008345522,0.475316692230402,0.32811300344662,0.617319315792785,0.462345224359413,0.642870979848135,0.357294086467997,0.585430257665172,0.125733481497783,0.627418424011151,0.470965909679055,0.622025091286358,0.627418424011151,0.398483328800423,0.685802126417655,0.692486028179569
-0.168125490535989,-1.06519565614223,-0.625885760220051,-1.62488485576493,-1.15508515395399,-1.58081842785162,-0.465742969786175,-1.18331924385121,-0.339306080965292,-1.63161700033353,-1.52909552233623,-1.42304782869744,-1.63161700033353,-1.53613104954574,-1.34145380099408,-1.53469105031379
-0.191918313776749,-0.316600038492171,0.0673538320442028,-0.664880385127969,-0.628960266065371,-0.628757066901649,-0.427341786515161,-0.744772257213893,0.297559114839337,-0.886094920212615,-0.851249768080053,-0.372942478015446,-0.886094920212615,-0.225620845141267,-0.93039290921622,-0.921333990122912
1.4730215447515,1.73949215280219,1.87330299613968,1.60038578222888,1.50627097228435,1.61164661902651,1.37046919121972,1.39502052267773,1.96408279504462,1.41353960319906,1.325144601248,1.69808346743641,1.41353960319906,1.80216031227386,1.18769017416061,1.34114808745458
1.07520308884083,1.08417930822827,0.610362505080324,1.20140800065621,1.58974726978039,1.08704015791911,1.08582961389456,1.46040280549312,0.590220839626211,1.51911362102602,0.649366013964057,0.397111330937572,1.51911362102602,0.118980414698595,0.884282024413101,1.42535347010756
0.928872585218441,0.849570515251596,0.805106610448623,0.871847859519406,0.865403401658817,0.915726597699874,1.08652269194491,1.03983568550296,0.645578365660764,0.932895547515732,1.0878998866938,0.959625105012593,0.932895547515732,0.711375034975494,1.28196060696511,1.06782583912664
0.494562621016125,-0.162255465916117,-0.0765943266246052,-0.20133326262131,0.0216030735519686,-0.244816275791432,0.290069944451298,-0.05359515414623,0.114749546838676,-0.0844006834928027,0.540650289305745,-0.244522106170153,-0.0844006834928027,0.095670875257661,0.121579155801829,-0.122694725209193
-0.134019855506953,-0.161639121670041,-0.179415875153493,-0.239610893740194,-0.189558899347642,-0.171453596353313,0.0658408328984033,0.0247775603127508,-0.371889697145971,-0.186756605306777,-0.425220902355835,-0.143462648465243,-0.186756605306777,-0.640791862674931,0.113235660445893,-0.00101291378567975
-0.594777042606143,-0.283234776066733,-0.381564522508125,-0.195073321064445,-0.332032251845736,-0.158447165314421,-0.391764612479712,-0.201133418694794,-0.572559009307197,-0.202499472099385,-0.467115761768844,-0.149116699295019,-0.202499472099385,-0.428136004704176,-0.144307281217267,-0.121893583235873
-0.241439937351271,-0.559199326234318,-0.798580628906065,-0.390918083700941,-0.248839207759949,-0.380950947050089,-0.00641302289058017,-0.0125426783252904,-1.02684463848694,-0.113626668984994,-0.014248849785329,-0.531355989769069,-0.113626668984994,-0.885497988849177,0.308313623593227,0.0572958692587528
0.144433169247247,0.692257686237812,0.328162084273574,0.745043001997477,0.851259310434033,0.717928078347444,0.333237311757281,0.847217375683576,0.145562828851643,0.854018687644783,-0.37246923142634,0.259642336808605,0.854018687644783,-0.313897552360586,0.264036249425537,0.850183697076493
-1.10250686537676,-0.635340852243962,-0.184890482717183,-1.01034663498387,-1.369840900183,-0.780482791359768,-0.805291371440263,-1.00086343059644,-0.459864011774724,-1.39301792546943,-1.67031998710018,-0.133553106877314,-1.39301792546943,-0.842233916360229,-0.78028289605813,-1.06656963313915
1.15601665749278,0.793131797936812,0.720661998137064,0.611613731548735,0.876102873344823,0.730218308504612,1.51009437764665,1.30522082359193,0.368114182897294,0.82239911373696,0.554532466987464,0.696481301434459,0.82239911373696,-0.287873522561712,1.53151051344083,1.21003560501732
-0.66719477469436,-2.66564002553737,-1.86792099443418,-3.17659500232963,-2.80710688201486,-3.00636657702731,-0.833268904173177,-2.39061963839324,-1.70869380543695,-3.09468814571384,-1.01802585907515,-2.15051613185954,-3.09468814571384,-2.07361956490206,-1.1273604860504,-2.65983990807468
0.779533956247626,0.397284693344524,0.252756128724101,0.195183324322584,0.625191215361277,0.237731071817628,0.957984981364714,0.845073982892182,0.0721601617846826,0.452159281386647,-0.162924489011987,-0.0376478161769945,0.452159281386647,-0.855389078055493,0.676341305704972,0.688129842321316
-0.276459364690332,0.0145734772128032,-0.138209239843107,-0.000457707872517516,0.0813372611738857,-0.0284250771107588,-0.250906578282967,0.00948576023732273,-0.160277800952501,0.0288380108296344,-0.701865950160847,-0.282207620308104,0.0288380108296344,-0.507691501252633,-0.415921156428802,-0.0202170564558939
-0.395807029090594,0.205655352126047,0.0240672417351429,0.362756674241765,0.160275596533322,0.359640840358208,-0.238348677477829,0.165979752721848,-0.123260595030335,0.312255102584342,-0.181194040875883,0.256657452998372,0.312255102584342,0.109173400595801,0.00472758159680687,0.278374851684893
-0.764459862830209,-0.490832693575188,-0.274974331119138,-0.613114211965128,-0.693931716440374,-0.692092533795849,-1.16917723241493,-1.11657165636137,0.124042578947765,-0.873147360902816,-1.03192583787216,-0.65943692499196,-0.873147360902816,0.00872122156450348,-1.63497865008672,-1.19541742301399
0.237719123337379,0.646354593157791,0.213434231860868,0.753158453540459,0.976541485978959,0.65189862758561,0.26506303956954,0.802845717957686,0.185212455669406,0.93038524166993,-0.251765918772882,0.0241405045017805,0.93038524166993,-0.259869042338238,0.0638582898294476,0.791475220283707
-0.695297180839784,-2.50378813817717,-2.01976892771244,-2.53018832592006,-2.31252081182585,-2.52331934388881,-1.02291460390769,-2.19923889984328,-1.70481112496049,-2.35357323363536,0.136744472428712,-1.93984464855894,-2.35357323363536,-1.03089648048614,-0.924567953442611,-2.24552382214649
0.815357851121781,0.693577214175898,0.646957063895097,0.773381622808875,0.822635184430997,0.705225118652406,0.654806615035914,0.660622273730112,0.795582154986222,0.810065301382973,1.07479952329813,0.601310815217496,0.810065301382973,0.97851617765299,0.61615642799826,0.672652405558003
-0.802388988379042,0.594159207541635,0.125488931382428,0.902241311547845,0.57110323843772,0.852157386298927,-0.543440117270889,0.455639436768548,-0.114552076654859,0.813770282875311,-0.655187367147792,0.433834909605177,0.813770282875311,0.116911137112832,-0.234120868215411,0.65139647660723
0.361981255737935,0.255179589753189,0.638222714561336,0.23535325241956,-0.107362248249692,0.29148735961024,0.249612852038093,-0.0917115731474306,0.745675362841685,-0.0230523484806364,1.11294276143778,0.858203930590805,-0.0230523484806364,1.41785130768344,0.483578601107263,-0.0310695791539886
-0.785595713620885,2.01068244849646,1.96319478471286,2.36972831949928,0.986322296233245,2.47084274917477,-0.361017069919222,0.927597023291126,1.57201729798529,1.55892900988878,0.458146408335202,2.89816015374849,1.55892900988878,2.91015802453101,0.590305350997468,1.36163822884037
0.506601236034713,-0.253109115506026,-0.298552774702385,0.337765440146027,0.184985200491792,0.136610786310835,0.0568892035580131,-0.175825933549669,0.128572575047056,0.479531276682768,2.69601759968211,0.224604468869217,0.479531276682768,1.98358479918745,0.640411021256805,0.0901574624927977
0.663513315172334,0.0266730978575873,-0.0357050653550341,0.228843676198095,0.48498013458614,-0.00121237093162853,0.0585672544397809,-0.0694924416669436,0.540898402462099,0.374742762126896,1.22707853538531,-0.305499511825199,0.374742762126896,0.988533911594007,-0.233020017817759,-0.0793922021016257
-0.569141374147851,-0.225809923992034,-0.227209621235583,-0.0846439923439672,-0.385934813759079,-0.0377450840191944,-0.393431602051717,-0.260618213085702,-0.391350953118508,-0.181668172897358,-0.0308214024745449,0.156502062159388,-0.181668172897358,0.124743762225818,0.0151178189696283,-0.125082954677652
-0.676866453406889,-0.0171187911134966,-0.241652132990981,0.0295101168760305,0.00765625117701022,-0.0202418509273722,-0.647534368114836,-0.149302610403708,-0.263080519887847,-0.00478118737649421,-1.07441729880271,-0.351114165741529,-0.00478118737649421,-0.538931272669512,-0.789757516609825,-0.13820212060096
1.73414517887415,1.48395177187024,1.51825971299271,1.48679212279466,1.5571480786342,1.44141897955193,1.55923144403651,1.43095433671611,1.67407809541544,1.50268741311872,1.96760957598858,1.42106042617438,1.50268741311872,1.78313898672168,1.48040557964938,1.40751307798777
-0.0562056513254453,-0.133060466259039,-0.366824804679136,-0.0609137568665514,0.165145755319697,-0.133377574973586,-0.0905676733289994,0.0706840189136779,-0.334764394190308,0.120571768902962,-0.286173035489049,-0.494472774669313,0.120571768902962,-0.557759325687781,-0.223976530493494,0.0498467367605755
0.378508666478158,0.380726299227316,0.459085751272472,0.1696848232331,0.309422298049668,0.178527769085684,0.302174801314547,0.252125727203731,0.530614845786733,0.125975089714412,-0.276542762471349,0.120204019212483,0.125975089714412,-0.0483617556326019,-0.0679983807599058,0.123224841912758
-0.773775155611501,-1.88261793337778,-1.48065307986721,-1.97249688680604,-1.91549166935806,-1.8957615073717,-0.8459944377069,-1.67695256910717,-1.40893589200694,-1.91490893678231,-0.324634479027439,-1.34466556767421,-1.91490893678231,-1.03254774274016,-0.693545546791701,-1.70832182581392
0.968812429570964,0.761674648457043,0.943706087574864,0.554917236816316,0.644794879078722,0.582317091908546,0.868981579052034,0.633424983799675,1.03327478238516,0.491067906787159,0.623238270435335,0.693580166331933,0.491067906787159,0.686609122142096,0.607851778805499,0.52083284326499
1.44294198051906,0.820824574103964,1.15152070934287,0.480065197201898,0.631701296767616,0.602045904909529,1.48513189812825,0.894436141116321,1.09915155256883,0.461242115186444,1.00959218633072,0.952415094556057,0.461242115186444,0.614858803516566,1.30180900597526,0.73385319974709
-0.541652652492589,-0.481544885729438,-0.620323146330365,-0.490736088617393,-0.409564836158069,-0.445020479041453,-0.304497275293105,-0.20909130815032,-0.846149672859795,-0.377225609188158,-0.857007887435823,-0.553929106639514,-0.377225609188158,-1.12099800619318,-0.228060841587632,-0.211211891374756
0.255094610519132,-0.545585226863302,-0.418177125321913,-0.53586970767854,-0.372982180770162,-0.552985671285104,0.111077579045617,-0.345707306341889,-0.284117470377111,-0.402598320807754,0.586479018141058,-0.417039161391839,-0.402598320807754,-0.0554544339798695,0.129170087438825,-0.371446302510181
1.69755103884614,1.61631088060973,1.6864019155796,1.50998455790508,1.54516910427463,1.5335759031902,1.68029352269478,1.5694399178145,1.69110532639192,1.47825534122825,1.61686264039641,1.58673972280277,1.47825534122825,1.53207196911051,1.59948944735128,1.51722148673605
-0.381018042338346,-0.191437881732826,-0.30140390115101,-0.210142993632263,-0.183627496431105,-0.173613651705566,-0.194515395296381,-0.0514070139751349,-0.478607380748585,-0.162775470843373,-0.678617365073664,-0.267425352858512,-0.162775470843373,-0.727840480899772,-0.157600123405814,-0.0531209094771367
0.146189315656609,-1.14424032093705,-1.30082886207799,-1.047236333972,-0.47530190843166,-1.14847515684717,-0.0290062581543393,-0.480900480528305,-1.13972576354799,-0.57092676578827,0.216199077979052,-1.4482034519507,-0.57092676578827,-1.20043544770489,-0.154805649680335,-0.551529808456004
0.204543974853643,-0.716387819181351,-0.790403830888786,-0.615400959163056,-0.255324369093262,-0.711532272934738,-0.0124197710734989,-0.346519761444539,-0.587082024186228,-0.317258695820716,0.44067530024916,-0.891305919096548,-0.317258695820716,-0.461560201568328,-0.101048290437704,-0.380887704967512
-1.37052616446415,-1.46129328216665,-1.24071456098146,-1.37827440641449,-1.66606019103317,-1.32286329729613,-1.33297879272812,-1.54826806380968,-1.26673543307394,-1.50341362811435,-0.704723318710904,-0.890843339772561,-1.50341362811435,-0.6042344770922,-0.975268441655574,-1.44330523120465
1.23311527888684,1.02532467282688,0.559704235513798,1.23121711231467,1.51619183772505,1.20168735767691,1.50592296745456,1.71116492003278,0.283984572086839,1.62410741511236,1.29973166110229,0.740688432826945,1.62410741511236,0.19398604658811,1.75622079633996,1.76686176227727
0.758015636780572,0.900829332483211,1.27432234953946,0.845760934740026,0.417909295059603,0.947205516918934,0.776853751167473,0.529207937119689,1.25336447940602,0.532082138339016,1.42723946344553,1.55504048079265,0.532082138339016,1.84347888078072,1.08312857038113,0.599905436047771
-1.20252150227139,-2.28171196787658,-1.7283040322307,-2.72294466322569,-2.34190473005487,-2.75172894820672,-1.76388733729375,-2.59161515733099,-1.17985521551021,-2.78849047646353,-2.04948764444265,-2.48494741271996,-2.78849047646353,-1.85633586824719,-2.62275835335576,-2.89253828457698
0.233459316943205,0.453692807147454,0.474160638822175,0.546923719067516,0.512861854671252,0.362478947007405,-0.310537435382286,-0.105416960805362,0.999557813401867,0.394736019932833,0.470400295686145,0.153822756697967,0.394736019932833,1.26283718179791,-0.68853938192639,-0.112899992105955
-1.02898899942767,0.312203346640055,-0.0619935007128172,0.348393421009175,0.316373050767865,0.21428564838775,-1.1407198055595,-0.160956849042957,0.0580572102127226,0.204821230721126,-1.91478770110974,-0.456673464085761,0.204821230721126,-0.566703325561196,-1.62243932155101,-0.181913054241013
0.0424724518003922,0.603269879512414,0.523683589574913,0.812383651856007,0.524077955072912,0.748879528765157,-0.0448682256732351,0.306017417229285,0.610210326616753,0.664186970155646,0.648236340316866,0.718101948681478,0.664186970155646,1.18830800069944,0.151051542246144,0.438759023913194
0.146160578101801,0.293214749818608,0.175772514937595,0.423459795297672,0.273838425744096,0.497235131713948,0.474411324319329,0.566331111553451,-0.142398950326927,0.480763162505017,0.537519884865746,0.585428466489347,0.480763162505017,0.166651589867649,0.939183604801116,0.68247154136645
0.201459921786307,0.249589580314205,-0.289033231609232,0.470412874687268,0.802841547584314,0.358489175855039,0.294709660897353,0.732227213934194,-0.383031267229581,0.827876198403572,-0.0238973703233607,-0.329573100848739,0.827876198403572,-0.642544857401777,0.271841015303924,0.760373525642915
1.0973782712259,0.468653340772375,0.419089498174172,0.3061042497831,0.735975963852916,0.295693744956271,1.05588269632487,0.792928432175171,0.448109587524318,0.538602380742862,0.487041253335078,0.0834291956524027,0.538602380742862,-0.200254513462149,0.724434708484531,0.639050324692285
-1.45295436598183,-0.964703990340995,-0.920797826775879,-0.631863675608148,-1.11749224169792,-0.697315984512382,-1.59462526370862,-1.34998504051148,-0.770997692631553,-0.85349568936127,-0.275873155938925,-0.484161875145227,-0.85349568936127,0.394358056166591,-1.16283987703941,-1.12396047605598
-0.746132989591312,-0.443764344459357,-0.385910357395638,-0.333714460704081,-0.626901457053944,-0.300775905456755,-0.658790069557475,-0.572275554452627,-0.463300530742578,-0.464939810605137,-0.253718037552359,-0.0829566489568502,-0.464939810605137,0.0311519222705131,-0.34612303974997,-0.459157331962864
-0.373282716920457,-0.32432659744614,-0.840284743548926,-0.000665326671729536,0.225836019628979,-0.131582642714517,-0.32596691697776,0.110038693250649,-0.885728524563898,0.328528454231616,-0.222828035441966,-0.74229209306549,0.328528454231616,-0.780392039494011,-0.209700955288237,0.201550427925675
0.735762338886495,0.075028355040833,0.296377214153499,-0.169749730603931,0.0910975823639326,-0.149738859994632,0.578871700285282,0.110058755473833,0.440671375128481,-0.122707826936266,0.299873587551463,-0.0382811550740308,-0.122707826936266,-0.00489661230994695,0.230428905832975,-0.05141295729833
-0.827430802580405,0.228343440552293,0.0431782537781183,0.227100425277685,-0.0410019632837589,0.320965761077107,-0.406931173907335,0.164255951657091,-0.353130160646155,0.0912220665642712,-1.22938027375729,0.247822682145206,0.0912220665642712,-0.619650271962394,-0.202597506946547,0.235990490777957
-0.429803901999859,-0.425383725895941,-0.39262655594367,-0.32029729646167,-0.495403594621186,-0.277331300843388,-0.299824530045002,-0.347996845246835,-0.51506271805921,-0.340416124030371,0.0554371774365794,-0.0781263006925694,-0.340416124030371,-0.0760009643126513,0.0418939783354209,-0.25203562345031
-1.13884331981605,-1.62059765564407,-1.38535101038787,-1.65174300175223,-1.72501903575609,-1.56732817392637,-1.05264219188006,-1.47966888883303,-1.46190551166429,-1.65158312094318,-0.831834220457037,-1.16334249733437,-1.65158312094318,-1.16316586157948,-0.818093875663091,-1.45763675587993
-0.0767076425456878,0.274836301816044,0.522057997714243,0.0326183418208697,-0.124376509160122,0.11194994338021,-0.0645572196318403,-0.0992997182611218,0.513838331510441,-0.222930320153111,-0.531356926534516,0.361386888465819,-0.222930320153111,0.172697631330732,-0.258066784599405,-0.175924408691319
-0.105683166060422,-0.121970558084146,-0.372193801777175,-0.00591451605749131,0.116217904737697,-0.0194430896461971,0.0562666047645179,0.217300263950379,-0.529324145155515,0.184602468925325,-0.135421317939501,-0.263880747378011,0.184602468925325,-0.587540739295523,0.187866133605552,0.255121213390317
0.0982536210432073,-0.0517865251193466,-0.259181623893672,0.0315205942946265,0.193281478124172,0.0179958908566837,0.220813703416573,0.289610356786779,-0.380123039768239,0.229632028987595,0.0464096085958875,-0.198903356106516,0.229632028987595,-0.473100441120356,0.304089013081696,0.304251960393126
0.0747716139341343,0.0738915998639264,-0.434744969655908,0.120566878717739,0.621584816601848,0.0173402384893499,0.137542875710011,0.535428318383562,-0.498487115185461,0.490360309774182,-0.801530495849674,-0.764163293704014,0.490360309774182,-1.31975883870695,-0.204437712460647,0.449261676775478
-1.29501114917608,-0.0832164358668912,-0.766530248816845,0.365834952396021,0.253155462177136,0.197953312896597,-1.20068434551844,-0.0739312853393463,-0.845977030127965,0.460340367529447,-1.15345720792618,-0.581766416250911,0.460340367529447,-0.615187476036805,-1.03108641718351,0.12272085782698
1.69755103884614,1.61631088060973,1.6864019155796,1.50998455790507,1.54516910427463,1.5335759031902,1.68029352269478,1.5694399178145,1.69110532639192,1.47825534122825,1.61686264039641,1.58673972280277,1.47825534122825,1.53207196911051,1.59948944735128,1.51722148673605
1.69755103884614,1.61631088060973,1.6864019155796,1.50998455790507,1.54516910427463,1.5335759031902,1.68029352269478,1.5694399178145,1.69110532639192,1.47825534122825,1.61686264039641,1.58673972280277,1.47825534122825,1.53207196911051,1.59948944735128,1.51722148673605
-1.74780517928551,-1.35833460744644,-1.36347505630335,-1.07671955219456,-1.57898000780041,-0.968190015671378,-1.34663799065605,-1.22502186936391,-1.73705771942763,-1.16708593117273,-0.715642135873677,-0.565058728379152,-1.16708593117273,-0.74288005586538,-0.49521659625988,-0.965216431822953
-3.21159329826779,-2.68377303258715,-2.70850800789111,-2.09706673318745,-2.81542519176214,-2.12389487432635,-3.1214342285319,-2.83335657849053,-2.77059214916852,-2.27025484125672,-1.2925600661102,-1.73357554521394,-2.27025484125672,-0.886703275820651,-2.11903093022361,-2.42675444412798
-1.59971126535087,-0.666943694285246,-0.790257248151364,-0.330266695854348,-0.845584868543478,-0.367101653426831,-1.53441634845838,-0.985640474449306,-0.838099951745718,-0.543688331689313,-0.732681490209099,-0.311272085991741,-0.543688331689313,0.0707676694986836,-1.05725715356453,-0.743281114942192
-1.26221095686655,-1.72107986711714,-2.28251240739129,-0.824427478755695,-0.449560519372987,-1.5554907992961,-2.83899914924754,-2.24244783558564,-0.754586693428977,-0.536457887388422,0.41744128959538,-2.78488066145856,-0.536457887388422,0.824936669981099,-3.45253241640651,-2.07485323328848
2.2234906760067,2.11165474479197,2.81936759792263,1.59730031924994,1.2874908015623,1.85359937488671,2.35609898674396,1.6743060311069,2.67854197900087,1.17160436390369,2.00467641708587,2.77689688187172,1.17160436390369,2.41251971056063,2.33638775303925,1.53853432181572
-2.0818048533464,-0.931080051532219,-1.26487464410372,-0.630844661933746,-1.01381167092895,-0.636343569558614,-1.7769059657867,-1.00039524373158,-1.54089936166162,-0.723909512733617,-1.79299576556328,-0.825852927743592,-0.723909512733617,-1.13241334587497,-1.34101841762596,-0.786933215984546
0.882287086414885,1.17686138382782,0.446774513646718,1.63930138357034,1.72625705280244,1.60512487705876,1.38653413709005,1.99937481429322,-0.049007780669377,2.06734687962285,1.41744665854477,1.01590087849034,2.06734687962285,0.290531941180998,2.05938505025071,2.21850049130893
0.355614841509191,0.48836052424049,0.112567171071574,0.380270574855543,0.815025614152342,0.345825487767344,0.494341952695179,0.82836367831663,-0.0252385669551468,0.636642836107133,-0.798663221183035,-0.275301532532545,0.636642836107133,-1.08705578801614,0.089046843706557,0.69430401818792
