region,region_name,age_t,age_p,age_p_fdr,age_estimate,age_ci_low,age_ci_high,sex_t,sex_p,sex_p_fdr,sex_estimate,sex_ci_low,sex_ci_high,intercept
98,24c,-11.8165473118464,2.05433518593413e-17,2.876069260307782e-15,-0.0004570038080939,-0.0005321317643249,-0.0003818758516333,0.418652142032331,0.67694077809041,0.7284659026007402,0.0002167363040527,-0.0007889225910388,0.0012223952022158,0.0449845954357073
131,V2,-0.42783551360478,0.670277580876391,0.7452547779634788,-1.3215101523281e-05,-7.35745481952171e-05,4.71443453359149e-05,2.66035177079892,0.0099604070948856,0.044982483654322065,0.001099972589904,0.0002920041918046,0.0019079409905081,0.0435108323229324
151,CM,-0.10990270848841,0.912847309360122,0.9396957596354197,-3.45850139497097e-06,-6.48282035501957e-05,5.79112009488756e-05,1.83151975061745,0.0719070422724385,0.14063509276220834,0.0007715077460863,-4.99838791043167e-05,0.0015929993738008,0.0411184500368786
20,V4,0.980526064451849,0.330699498528344,0.4409326647044587,3.45688270430409e-05,-3.4159952087952e-05,0.0001032976063866,3.06229857115738,0.0032656292970449,0.020781277344831182,0.0014451807151599,0.0005251808702388,0.002365180562928,0.0440592703453531
129,F5_(6Va/6Vb),-6.34790497784081,3.01841721840132e-08,3.5214867548015396e-07,-0.0001694258599863,-0.0002213067844566,-0.00011754493536,3.38967278637695,0.0012316375974384,0.0086214631820688,0.0012110335729661,0.0005165582298775,0.0019055089181434,0.0430725229735769
18,13l,-1.67720450603112,0.0986201346179682,0.164366891029947,-6.18683406185144e-05,-0.0001339870200282,1.02503390229988e-05,4.62940277298218,1.96752439364659e-05,0.0006886335377763065,0.0022858963785445,0.001320519505685,0.0032512732545067,0.043310781866343
50,1/2,-1.43203520455276,0.157238158783935,0.23657802104703768,-5.23570684889819e-05,-0.0001235763957479,1.88622589843233e-05,1.14431270044285,0.256964411491993,0.3526962510674414,0.0005600353878762,-0.0003933028040996,0.0015133735827626,0.0460616772300694
130,LIPd,-2.91623323507869,0.0049510756519223,0.01386301182538244,-9.27415147200155e-05,-0.0001546178237993,-3.08652054566755e-05,3.75327631890137,0.0003914447922425,0.003914447922425,0.0015977601794236,0.0007694871404223,0.0024260332207488,0.0408643180008983
144,TEad,-1.42642024341939,0.158845242703011,0.23657802104703768,-6.44563401736461e-05,-0.0001523622063313,2.34495262517232e-05,2.59552360980604,0.0118154765432928,0.050126264123060364,0.001569973267438,0.0003932699379841,0.0027466766004757,0.0383190772572644
152,TAa,-2.67845576354949,0.0094921035742937,0.025352037035577923,-0.0001014268543718,-0.0001749948017044,-2.78589079830511e-05,2.431632705589,0.0179828181494331,0.0636207360361993,0.0012325813133852,0.0002478046156826,0.0022173579986678,0.041670067756299
96,TEm,-0.0829002431620681,0.934202301459842,0.9532970111545127,-3.91078524818173e-06,-9.55690255288257e-05,8.77474553109939e-05,2.80396168382991,0.0067606138789281,0.03640330550192054,0.0017706362995504,0.0005437038862553,0.0029975687166021,0.0415249054884486
159,TPO,-1.74270952289715,0.0864237120665947,0.1461153213702749,-6.74443519433013e-05,-0.0001427520337209,7.86333006428828e-06,3.88724078593907,0.0002526988802389,0.0030708065561901535,0.0020137759469037,0.001005711255041,0.0030218406418461,0.0406074694518934
35,G,-1.6652955515034,0.100982154850423,0.1663235491654026,-4.64172746310564e-05,-0.0001006679400372,7.83339094142858e-06,2.75932992534244,0.0076360307289906,0.038180153644952995,0.001029534895306,0.0003033383239185,0.0017557314689197,0.0426826580243043
78,TGdd,-1.09366958026157,0.278400151237596,0.3747694343583023,-6.20903668372559e-05,-0.0001724805702396,4.82998369542517e-05,2.44626887394752,0.0173329522850082,0.0636207360361993,0.0018590514417489,0.0003813739492171,0.0033367289390869,0.0413011994795864
86,EC,-2.01904244857523,0.0478837548985526,0.09858420126172594,-9.46299939398011e-05,-0.0001858615605408,-3.39842705906822e-06,0.412202616173496,0.681635951719264,0.7284659026007402,0.0002586087595902,-0.0009626122221608,0.0014798297450852,0.0435275841444999
29,10o,-5.39017773707011,1.20198833092858e-06,9.14610751610117e-06,-0.0002207916677843,-0.0003006615927133,-0.0001409217426095,0.56733145916429,0.572571062372331,0.6540734225423317,0.0003110753405038,-0.0007580592997103,0.0013802099839883,0.0419093975899583
76,46v,-3.15866899881926,0.0024654069063464,0.007670154819744355,-0.0001041809839678,-0.0001682511960185,-4.01107717129493e-05,-0.371708235613495,0.711398178682719,0.7545132198150051,-0.0001641102266288,-0.0010217507361792,0.0006935302855103,0.0481943817965773
37,9d,-0.294201635412532,0.76960264115968,0.8417528887684,-1.82227504823848e-05,-0.0001385436508292,0.000102098150231,0.816080898515978,0.417629310706087,0.5128781008671244,0.0006766298974252,-0.0009339793853185,0.0022872391850749,0.0400823576189204
146,F4,-6.75482198785452,6.10330100678199e-09,1.0680776761868483e-07,-0.0003044538873678,-0.0003920086633512,-0.0002168991111167,1.37371902635145,0.17455642125349,0.28089539052285745,0.0008288093721285,-0.0003431942826044,0.0020008130304398,0.0410407719245466
38,7op,-1.83621626656962,0.071199988795232,0.1285410568325992,-6.36161621756303e-05,-0.0001310489272531,3.81660311960213e-06,1.55600850936457,0.124879503193829,0.21584111663130937,0.0007216136299348,-0.0001810378386108,0.001624265101395,0.0441433994592621
137,3a/b,0.139695769674931,0.88936058241563,0.9291826980461806,4.8904050172261e-06,-6.3114004401618e-05,7.28948146406571e-05,1.34665924528559,0.183072255897514,0.28797882950170745,0.000631056748336,-0.0002792467214432,0.0015413602208928,0.0453329606572494
95,MT,3.06664076487521,0.00322489315675,0.009405938373854167,0.0001303715850785,4.77049886537085e-05,0.0002130381816565,2.81884507606914,0.0064899011989247,0.03640330550192054,0.0016041330023007,0.000497562263628,0.0027107037430232,0.0367761801285885
123,V3A,6.6238154284066,1.02253583061836e-08,1.431550162865704e-07,0.0001614403306028,0.000114042809705,0.0002088378516561,0.835152677728778,0.406890892675745,0.506746101159739,0.0002724700795651,-0.0003619906576537,0.0009069308188658,0.0412719271299187
89,MIP,4.0816621234011,0.0001320964696815,0.0006604823484074999,0.0001048290661692,5.49188442160802e-05,0.0001547392883186,0.84692095707668,0.400349694283181,0.5049455603571653,0.0002911633249264,-0.000376932297294,0.0009592589497756,0.0408951904024374
134,5_(PEa),2.07084051172245,0.0426123270635173,0.0890406834163048,5.74592215645762e-05,3.38609260132904e-06,0.0001115323506937,1.93575309132368,0.0575361646090746,0.12992037169791038,0.0007189723220139,-4.84775582801674e-06,0.0014427924020773,0.0424038132062237
61,F1_(4),-6.68101052750203,8.163984095607311e-09,1.2699530815389153e-07,-0.0002311692154964,-0.0002985602838496,-0.0001637781469548,1.71417171639704,0.0915746344954097,0.16869011617575472,0.0007939465993869,-0.0001081467189867,0.0016960399203128,0.0437160197818202
71,F3,-4.37854649873828,4.76822876899727e-05,0.00025675077986908373,-0.0001095841430275,-0.0001584210598423,-6.07472260621439e-05,2.33329366824426,0.0229458863783213,0.07300963847647686,0.0007816930971418,0.0001279646814163,0.0014354215148845,0.0352476341514752
82,7m_(PGm),-2.32794694980544,0.0232477502427553,0.05424475056642904,-9.34018648946965e-05,-0.0001717383211171,-1.50654084306619e-05,0.0294801807662829,0.97657786630262,0.9836036063479625,1.5832946175133e-05,-0.0010327747620886,0.0010644406576734,0.0433116088354426
185,24b',-1.83344993350406,0.0716157316638767,0.1285410568325992,-5.7740367910706e-05,-0.0001193396477367,3.85891210740711e-06,0.886499277007161,0.378830241161401,0.48214757965996496,0.0003737128251079,-0.0004508519147847,0.0011982775675706,0.0311142688175857
34,V1,3.88626909278951,0.0002534984798682,0.001117699670770375,0.0001599433072715,7.99831359897581e-05,0.0002399034791521,3.60858662583072,0.0006223226825343,0.004585535555515895,0.0019880141137481,0.0009176714356907,0.0030583567950496,0.035524960778858
75,V4v,-4.27369532566871,6.85912788538764e-05,0.00035565848294602574,-0.0001403326347804,-0.0002044186719656,-7.62465973948426e-05,1.03158835526821,0.306337845856984,0.40707156239769415,0.000453430445464,-0.0004044218985603,0.0013112827920214,0.0458105613964468
93,V3v,-0.709120675240289,0.480951173603815,0.5849818542679246,-2.50867237627054e-05,-9.39203799324124e-05,4.37469326170452e-05,1.28757673013304,0.202757031697437,0.30459105209272064,0.0006097419057424,-0.0003116618177372,0.0015311456320323,0.0400247304347386
46,AL,-1.53467889154474,0.130033499440797,0.21168244095013464,-6.78395490479701e-05,-0.0001540205472002,1.83414493690985e-05,3.6344987491119,0.00057316228147,0.004528284264942667,0.0021505972252441,0.0009969828887498,0.0033042115652834,0.0405350995711439
25,ML,-1.51714905513267,0.134394778227722,0.2138098744531941,-6.98479367710083e-05,-0.0001592808988818,1.95850256126142e-05,1.70459923998582,0.093358025824277,0.16974186513504907,0.0010505016681354,-0.0001466432879323,0.0022476466278537,0.0378166348086237
165,IPa,0.43768569465785,0.663160008301822,0.7452547779634788,1.5952428137523e-05,-5.50328037472106e-05,8.69376602179797e-05,1.24358632884692,0.218409972472419,0.30886258733473393,0.0006067216723343,-0.0003434829312009,0.0015569262784908,0.042093503935779
125,TEO,-0.55189345714119,0.583037695112154,0.6745890687248062,-2.15044184307689e-05,-9.73419897762901e-05,5.43331531925602e-05,1.86655368465651,0.0667724174422941,0.13952445435703245,0.0009735585308235,-4.15992350187343e-05,0.0019887163004696,0.0481530485481254
53,FST,-0.18134674399929,0.856696649436397,0.9155536711534014,-6.04690701624536e-06,-7.10902564140284e-05,5.89964425817581e-05,2.19089870614897,0.032289484032167,0.08529297668874301,0.0009779011384575,0.0001072342633041,0.0018485680162918,0.0410488395275534
24,Ig,1.3541770455213,0.180675391102825,0.26076860571541755,3.76335168059436e-05,-1.67216290799814e-05,9.19886628611445e-05,2.01247197384361,0.0485910024940942,0.11530068388429132,0.0007486491268921,2.10539852639322e-05,0.0014762442707869,0.0365083920169576
72,R,-0.075986530571031,0.939678482423734,0.9532970111545127,-3.61395520984728e-06,-9.66532089010483e-05,8.94252987714782e-05,3.85049996724428,0.0002851463230748,0.0030708065561901535,0.002451389936194,0.001205971349544,0.0036968085267281,0.0431516067831992
150,12o,-1.74156536501495,0.0866255119552344,0.1461153213702749,-7.04734454952744e-05,-0.0001494583158943,8.51142515084608e-06,1.2610404501678,0.21209598302394,0.3061179136428,0.0006830678866559,-0.0003742194598825,0.0017403552365024,0.0408957987556072
102,Pi,-1.84582519925512,0.0697716806090872,0.1285410568325992,-6.28072404125794e-05,-0.0001293470698194,3.73258920146642e-06,2.22591019751557,0.0297254972604804,0.08003018493206261,0.001013855135273,0.0001231564569395,0.0019045538163794,0.0438172414064735
160,TEa,-0.896246910341853,0.373644276518931,0.47182804328824596,-4.57759218222089e-05,-0.0001454342548058,5.388241147355e-05,2.24397366934483,0.0284741618168948,0.07816436577186808,0.0015341799709855,0.0002001587349132,0.0028682012112369,0.0409797189923599
132,36r,-0.224420556447894,0.823180100025164,0.8933737519652942,-1.47455268972058e-05,-0.0001423805719698,0.0001128895185651,1.6470731678519,0.104685585543827,0.18789720482225358,0.001448637348258,-0.0002598786934654,0.0031571533951964,0.0395945191707682
44,TEav,-0.939870002991968,0.350991222663115,0.4549886219707046,-4.87435519240299e-05,-0.0001502268108491,5.2739707329877e-05,1.85805588122681,0.0679885831017225,0.13997649462119338,0.0012899036751702,-6.85459241645211e-05,0.0026483532789057,0.0464294630757418
65,13m,-3.62903990939323,0.0005832046031183,0.0023328184124732,-0.0001211019068042,-0.0001860298146415,-5.61739987683494e-05,4.82859351304832,9.6057938904254e-06,0.00044827038155318533,0.0021568950237794,0.0012877734433149,0.0030260166068976,0.0485444665436173
114,11m,-6.1012558060301,7.89351679943069e-08,7.89351679943069e-07,-0.0003220557375058,-0.0004248158586989,-0.0002192956159983,5.5995045641633,5.4404841497422e-07,7.61667780963908e-05,0.0039564942094131,0.0025809525985031,0.0053320358245328,0.0442267351529555
8,13b,-5.52500271789928,7.22080661275571e-07,5.946546622269409e-06,-0.0002504285885747,-0.000338800161966,-0.0001620570149118,4.18035089286029,9.44890996798048e-05,0.0016624027735344033,0.0025363738793134,0.0013534366171745,0.0037193111450907,0.0434562477898132
47,10mr,1.36312357358106,0.177854090671081,0.25937054889532646,4.00469059281094e-05,-1.72222106399467e-05,9.73160226711102e-05,1.22108184822424,0.226753744016067,0.3174552416224938,0.0004802060632282,-0.0002863953376343,0.0012468074664328,0.0426237758268893
14,10mc,-3.29904589983223,0.0016224568792617,0.005408189597539,-0.0001630885014522,-0.0002592111064765,-6.6965895687691e-05,2.45246138783677,0.0170643030249049,0.0636207360361993,0.0016228795491964,0.0003361873827713,0.0029095717255307,0.042989036330654
127,46d,-3.72040523161611,0.0004352926306365,0.0017923814202679411,-0.0001435624693283,-0.0002185375241913,-6.85874142381524e-05,0.0313264735014059,0.975111452101678,0.9836036063479625,1.61812216231789e-05,-0.0009874309437472,0.0010197933900453,0.0476883689126751
107,12r,-0.432444776957166,0.666943178839827,0.7452547779634788,-1.24019126998999e-05,-6.81115626628258e-05,4.33077374330392e-05,2.24933784768139,0.0281116293583231,0.07816436577186808,0.000863498981045,0.0001177725185989,0.0016092254457225,0.0376208833394065
41,46f,-0.576019737452576,0.566721064345836,0.6611745750701421,-1.84441143952273e-05,-8.0644449812637e-05,4.37562212118681e-05,0.323427381605582,0.747477800886274,0.7868187377750253,0.0001386265298297,-0.0006939839087902,0.000971236970989,0.0440681360701714
51,8Av,-3.12624984906634,0.0027114624904645,0.008076696780107022,-0.0001090326777929,-0.0001767818293402,-4.12835260410562e-05,0.657077230721884,0.513602872745944,0.6042386738187576,0.0003067598646156,-0.0006001267366491,0.0012136464686761,0.0416652510818213
32,8Bs,-6.92347738323082,3.13606264207186e-09,6.272125284143719e-08,-0.0002161665006666,-0.0002769123490518,-0.0001554206520954,1.98696395782174,0.051422492556759,0.119985815965771,0.0008304303794844,1.7289628249094e-05,0.0016435711332075,0.0443775153210443
94,44,-3.85134928172773,0.0002843534047081,0.001206347777549515,-0.000101513893447,-0.0001527156510571,-5.03121356809444e-05,1.25155240634332,0.215511295400255,0.30787327914322143,0.0004415813698714,-0.0002438026811255,0.0011269654229604,0.0425780935560603
133,12l,0.198893584158157,0.843007437477077,0.9078541634368521,7.01006046259215e-06,-6.17681246109888e-05,7.57882457452043e-05,2.11600529127698,0.0384339386734091,0.09608484668352274,0.0009983133158971,7.76521256108158e-05,0.0019189745089818,0.0366500238778091
63,SII,-3.13190593055955,0.0026669341841822,0.008076696780107022,-0.0001050225998818,-0.000170472166134,-3.95730334280547e-05,2.2771990159451,0.0262934704121767,0.07512420117764772,0.0010221724424983,0.0001460679697652,0.0018982769179309,0.0457195479812208
91,7b_(PFG/PF),-2.00016312962656,0.0499401318654044,0.0998802637308088,-6.70527303318079e-05,-0.0001322725982297,-1.83286223466619e-06,2.3549980770742,0.0217559980984548,0.07112634077369702,0.001056794953983,0.0001837652114129,0.0019298246992199,0.037821691176309
111,AIP,1.36822314484662,0.176261039952802,0.25937054889532646,4.49422110678541e-05,-1.91088321187024e-05,0.00010899325446,2.71594870833185,0.0085855663532777,0.04006597631529593,0.0011941755940027,0.0003367916779234,0.0020515595128356,0.043036658747543
99,MST,1.2508720863593,0.215757734002183,0.30511194707379413,3.2421325315614e-05,-1.81197861095369e-05,8.29624368961447e-05,4.94487418921864,6.28735936489904e-06,0.0004401151555429328,0.0017156244779309,0.0010390838022312,0.0023921651557105,0.0420053513403066
121,7a_(Opt/PG),-3.46328248792338,0.0009816078824302,0.0036164500931638952,-9.80876285677069e-05,-0.0001532827542829,-4.28925026821655e-05,2.8103917441105,0.0066423936386112,0.03640330550192054,0.0010654726441668,0.0003266335764501,0.0018043117141632,0.0471824681406384
97,Tpt,-5.30510278947699,1.65469303543399e-06,1.1582851248037932e-05,-0.0001877410146676,-0.0002568048882379,-0.0001186771408846,1.89671268268403,0.0626034527230059,0.1351254256484735,0.0008984957572352,-2.5989644320249e-05,0.0018229811616575,0.0471101641948857
145,PGa,-1.82355888701122,0.0731188856238351,0.1295777719916065,-5.02247785582722e-05,-0.0001040886827802,3.63912583187279e-06,3.97219650152351,0.0001906940593319,0.0026697168306466,0.0014644619347625,0.0007434425283697,0.0021854813434057,0.044649848114554
60,V3d,4.5252022760483,2.84905920996286e-05,0.00016619512058116683,0.0001197234987511,6.81198590211804e-05,0.0001713271386399,0.725553130572214,0.470887257389466,0.5586797969027563,0.0002569565828854,-0.0004338070411637,0.0009477202090588,0.0373392542297601
31,LIPv,4.93346826776106,6.55532136877222e-06,3.990195615774395e-05,0.0001076640127803,6.51805460081293e-05,0.0001501474796743,1.80414118739206,0.0761467785171501,0.14603491770412347,0.0005270330730144,-4.16483925423046e-05,0.0010957145402028,0.0389133433535442
30,VIP,5.76951374137139,2.84100682898007e-07,2.651606373714732e-06,0.0001366649905841,9.05890189943742e-05,0.0001827409623143,1.28252412578153,0.204511134976541,0.30459105209272064,0.000406661194466,-0.0002101093527945,0.0010234317436073,0.0415114621053563
77,5_(PEc),-3.50521263760639,0.0008615578655846,0.003350502810606778,-0.0001374382092515,-0.0002137317810269,-6.11446375129006e-05,0.430738094936845,0.668177036968677,0.7284659026007402,0.000226076555052,-0.0007951852075867,0.0012473383195835,0.0419775915737485
43,5_(PE),2.01152079709385,0.0486941275636256,0.09879967911460266,9.92864324964348e-05,3.40431694335824e-06,0.0001951685483421,1.31200848138333,0.19443332403191,0.29912819081832304,0.0008668643569865,-0.0004166086299467,0.0021503373478376,0.0370007138235086
153,F2_(6DR/6DC),-4.4244780818648,4.06116693720139e-05,0.00022742534848327784,-0.0002202164854668,-0.0003169016977149,-0.000123531272924,0.159366215022712,0.873906856068212,0.8930435025514575,0.0001061776630102,-0.0011880455343037,0.0014004008642708,0.0373141350073309
126,F7,0.427211797025046,0.670729300167131,0.7452547779634788,1.77524138343134e-05,-6.31079622844146e-05,9.8612790200416e-05,0.180077469108051,0.857688646095497,0.8829147827453646,0.0001001665416598,-0.0009822262264076,0.0011825593130395,0.031526211504318
103,F6,-7.2314713275979,9.26587740246823e-10,2.1620380605759202e-08,-0.0002342470579603,-0.0002975521644744,-0.0001709419512501,2.27876511001965,0.0261944235532592,0.07512420117764772,0.0009880892232838,0.0001406903765269,0.0018354880723859,0.0376916634781902
187,24c',0.627584671640552,0.532618283917852,0.6319199978686381,2.38629009138914e-05,-5.03655591728711e-05,9.80913612257403e-05,1.04372877818208,0.300729411740274,0.40482805426575347,0.0005312362388527,-0.0004623820478684,0.001524854528587,0.0369265782636741
85,23c,-3.39473200739093,0.0012126882871117,0.0041408868340399516,-0.0001169269602115,-0.0001843065634139,-4.95473567989813e-05,0.763019381590223,0.44839268292717,0.5411635828431361,0.0003517983989519,-0.0005501414475124,0.0012537382482286,0.0416028702454059
184,30,1.4626799572504,0.148688448751329,0.2289484401501323,7.04779273958583e-05,-2.37891165145505e-05,0.0001647449716,0.786379708050277,0.434689401708712,0.5291870977323451,0.0005072069976475,-0.0007546467246989,0.0017690607239273,0.0398148491902591
56,V6Av,0.141938679161994,0.887596196011222,0.9291826980461806,4.91786522943927e-06,-6.26955701251357e-05,7.25313007954528e-05,0.983736084863637,0.329131138423751,0.43063887270397333,0.0004562507491408,-0.0004488191623301,0.001361320663402,0.0372989086268497
92,TEpd,-3.02729796544977,0.0036120328554629,0.010320093872751143,-0.0001489271335744,-0.0002449786582481,-5.28756086042571e-05,-0.4259078136906,0.671674086628278,0.7284659026007402,-0.0002804680494229,-0.0015662087379906,0.0010052726431134,0.0462846871318326
122,TEpv,-3.99326405993092,0.0001777522867521,0.0008581144877687585,-0.0001567928176429,-0.0002336183934485,-7.99672416051499e-05,1.83503044750522,0.0713779668633838,0.14063509276220834,0.0009644740223595,-6.39091196204639e-05,0.0019928571674469,0.0498300809351672
74,TFO,-0.904697191563159,0.369185152346927,0.47182804328824596,-2.63665696765175e-05,-8.29802861635787e-05,3.02471453610139e-05,4.11052247437922,0.00011981496835,0.0018637883965555557,0.0016036018216273,0.0008457735719894,0.0023614300737742,0.0339471688496392
80,A1,2.58495280308798,0.0121461914826114,0.030917578319374472,8.37889667826456e-05,2.06084306136058e-05,0.0001469695031454,1.43718835565848,0.155774359244012,0.2535861662111823,0.0006235869696515,-0.0002221443849934,0.0014693183268915,0.0363605329714957
68,RPB,-0.151515628041722,0.880068967696495,0.9291826980461806,-4.71713909226283e-06,-6.54693257658555e-05,5.60350477685316e-05,4.29508304319478,6.37081473942535e-05,0.0014865234391992482,0.0017899542952689,0.0009767287000376,0.0026031798930067,0.038607545736094
15,CPB,-2.0792592961439,0.0418048562501989,0.0886769678034522,-7.26016875818021e-05,-0.0001404994876006,-4.70388735531437e-06,2.43288301202569,0.0179264282320055,0.0636207360361993,0.0011371255415589,0.0002282491395963,0.0020460019462251,0.0370641772828203
100,RM,-2.34810589603091,0.0221277498156639,0.05250652498632112,-6.24203554381325e-05,-0.0001143919474355,-1.04487632793307e-05,2.2997891488037,0.024896538658176,0.07416054733138056,0.0008183624682838,0.0001226734544175,0.0015140514843119,0.0405347222025899
87,Id,-5.16946006569128,2.74541892970215e-06,1.747084773446823e-05,-0.0002238311117122,-0.0003079410971529,-0.0001397211260434,1.72512452947949,0.0895685509277662,0.16719462839849691,0.0009998730026085,-0.000126018865608,0.0021257648746251,0.0398770379924837
101,STGr,-1.16537961047224,0.248402220377292,0.34094422404726354,-3.10306013864109e-05,-8.28981138343004e-05,2.08369112212383e-05,4.49244280547617,3.198409231934e-05,0.0008955545849415201,0.0016012327294508,0.0009069369189932,0.0022955285420344,0.0362349101275365
108,PrCO,-2.09084633878577,0.04071522787394,0.0886769678034522,-8.70801726271766e-05,-0.000167984071255,-6.17627375079566e-06,2.31100239312784,0.0242278932837134,0.07416054733138056,0.0012883880399734,0.0002054126818541,0.0023713634014005,0.0435371894446868
218,Iapl,-5.28616231705715,1.7763351345169e-06,1.1842234230112666e-05,-0.0002568257906377,-0.0003515545674606,-0.0001620970135236,1.06827081964797,0.289607760432935,0.3936416161224359,0.000694750118738,-0.0005732843362407,0.0019627845776138,0.0451543580695049
128,Iai,-2.67430794636424,0.0095975568777545,0.025352037035577923,-0.0001163186166207,-0.0002009013979989,-3.17358349838987e-05,4.17878669567163,9.49944442019659e-05,0.0016624027735344033,0.0024329721734355,0.0013007514831403,0.0035651928671943,0.0441758741042015
149,RTL,-1.52344110985887,0.132816218523502,0.21372724819873887,-5.98511474486888e-05,-0.0001361677618779,1.64654589629137e-05,1.95904269537945,0.0546829434046022,0.12550183732203782,0.0010302433883442,8.6731767456058e-06,0.002051813492622,0.0388313620824007
110,TGdg,1.43538581351532,0.156285166423974,0.23657802104703768,5.26343175991816e-05,-1.88150506201425e-05,0.0001240836860374,3.23907295975986,0.001942501975124,0.012950013167493333,0.0015899014390539,0.0006334839308073,0.0025463189502344,0.0319290332036939
135,TGsts,-0.429630899233323,0.668977975060966,0.7452547779634788,-2.1602172615782e-05,-0.0001195252735309,7.63209285869891e-05,2.72276375718971,0.0084295609770308,0.04006597631529593,0.0018325718429729,0.0005217783326671,0.0031433653571291,0.0391844127246076
59,TGvd,-1.25563259078859,0.214037649261955,0.30511194707379413,-6.8194634179626e-05,-0.0001739285870669,3.7539319032141e-05,1.32600245074597,0.189782848985632,0.29521776508876085,0.0009640089721659,-0.0004513401943561,0.0023793581430335,0.0349864524018931
67,EI,-0.895401564867676,0.374092234321395,0.47182804328824596,-4.67864343991142e-05,-0.0001488730439425,5.53001754605901e-05,1.59546188672855,0.115777409139008,0.2051751554362167,0.0011159318127383,-0.0002505942064348,0.0024824578361453,0.0445876638432463
10,36c,-2.49243264246154,0.0154189519169339,0.037218159799495616,-0.0001400652720646,-0.0002494790660156,-3.06514777784918e-05,0.303676563159902,0.762407727529288,0.7965453869708978,0.0002284375213543,-0.0012361698052981,0.0016930448524946,0.0429640260373601
140,TGa,-3.39718074521191,0.0012036090201464,0.0041408868340399516,-0.0001963845402079,-0.0003087048096096,-8.40642707078827e-05,2.76869210914451,0.0074441943726359,0.038180153644952995,0.0021424585583132,0.0006389453032341,0.0036459718149165,0.0411900384348474
3,11l,1.17993067846026,0.242609699137178,0.3396535787920492,4.17218019488229e-05,-2.69613782602199e-05,0.0001104049823681,2.35333188831969,0.0218459475233498,0.07112634077369702,0.0011138811860818,0.0001944917259456,0.0020332706490319,0.0400201082355595
69,13a,-2.5968532080761,0.0117745013090975,0.030526484875437965,-0.0001017980467291,-0.0001784640588157,-2.51320344037217e-05,1.16680544789858,0.247830190446211,0.34352699665811426,0.0006122652581901,-0.0004139819721872,0.0016385124917646,0.0463633454202899
45,32,-8.59357842269662,4.21579882165786e-12,1.9673727834403347e-10,-0.0003635908215367,-0.0004462442747738,-0.0002809373680438,0.508757042001479,0.612757801046768,0.6862887371723801,0.0002881365986602,-0.0008182582059878,0.0013945314067337,0.0437258006988374
66,9m,-3.48051590556976,0.0009304608545192,0.0035206626927753513,-0.000153055852866,-0.0002384797031116,-6.76320023717968e-05,0.00212724801841,0.998309644517595,0.998309644517595,1.25219963102561e-06,-0.001142226991332,0.001144731394122,0.0429764462509085
2,8Bm,-7.42690837293136,4.2730613259218006e-10,1.1964571712581042e-08,-0.0002226950059728,-0.0002809379073825,-0.0001644521043855,2.580530373205,0.0122874289320792,0.05059529560267906,0.0010357632837238,0.0002561268498825,0.0018153997199441,0.037765747183809
55,12m,-3.20563004811213,0.0021458747683071,0.006986569013092883,-0.000124753510123,-0.0002006899229594,-4.88170970527785e-05,2.29978543111634,0.0248967551755349,0.07416054733138056,0.0011980524093607,0.0001815715564103,0.0022145332654431,0.0468286990292022
148,8Ad,-6.17797538438161,5.85814119753625e-08,6.308767443500576e-07,-0.0002085836435687,-0.0002741684400441,-0.0001429988468865,1.88860530625094,0.0637019863771375,0.1351254256484735,0.0008535410371762,-2.43736202565833e-05,0.0017314556973152,0.0428124877464688
143,45b,-5.69101459829107,3.83728881007123e-07,3.357627708812326e-06,-0.0002036884473993,-0.0002734242077455,-0.0001339526868392,0.564253972296114,0.57465022123362,0.6540734225423317,0.000270333861571,-0.0006631453812625,0.0012038131072676,0.0483910871265038
124,45a,-2.2598238943663,0.0274146930082777,0.0629189675599816,-9.72789556290621e-05,-0.0001810279240826,-1.35299869219109e-05,0.726663875082783,0.470211312750536,0.5586797969027563,0.000418723174964,-0.0007023361391077,0.001539782492431,0.0409558064279913
113,LOP,1.99156845793861,0.0509011364546133,0.10036843807951919,5.87047401620207e-05,1.44487468076291e-06,0.0001159646058154,1.84801290963262,0.0694498771083088,0.14063509276220834,0.0007291754801028,-3.73020861623866e-05,0.0014956530487061,0.0363394037401817
90,PIP,7.56982029141668,2.42171528997658e-10,8.47600351491803e-09,0.0002118800136341,0.0001571740715954,0.0002665859558425,0.831353429764332,0.409016495936075,0.506746101159739,0.0003114865082934,-0.000420804372299,0.0010437773911577,0.0406038870302305
57,8Bd,2.13338566093974,0.0369237222082797,0.08205271601839932,7.05736063060852e-05,6.8319768354921e-06,0.0001343146758258,-1.3021363572425,0.197765213801018,0.30094706447981,-0.0005766051653279,-0.0014298472855787,0.000276629459451,0.0320434732632997
64,23b,-2.86535091534554,0.0057070289285024,0.015666353921379137,-9.24022143780631e-05,-0.0001554159854143,-2.93884431466383e-05,1.5771455962872,0.11993438782195,0.2098851786884125,0.000680809291866,-0.0001626897534283,0.0015243083397736,0.034355925550649
27,23a,-0.0165047089661468,0.986885610596978,0.986885610596978,-8.71320607363349e-07,-0.0001041671433285,0.0001024245024375,0.471107984648619,0.639244120307432,0.7046785578192164,0.0003329198610318,-0.0010497926225319,0.0017156323489295,0.0369772263197061
17,v23b,0.80707915279721,0.42275667489433,0.5191748639053175,2.97199026030667e-05,-4.2180646320173e-05,0.0001016204517489,1.50659652354835,0.137075539383584,0.23121175317712964,0.0007426382912186,-0.0002198186983498,0.0017050952837676,0.0381472728869717
142,TF,6.50017523403167,1.66231653759084e-08,2.1156755932974328e-07,0.0002802411837461,0.0001959348761594,0.0003645474915954,3.67195863668301,0.0005085767483613,0.004528284264942667,0.0021191114559257,0.0009905916293488,0.0032476312860162,0.0347700521789352
49,24b,-9.47422432753605,1.3499318843853e-13,9.4495231906971e-12,-0.0004220446957146,-0.0005090158512591,-0.0003350735399006,0.942686685960747,0.349559863300453,0.44897597121159105,0.0005621229036623,-0.0006020684383812,0.0017263142493143,0.037364690445102
7,Ia,-1.91006405357885,0.0608294924514364,0.11665930059179583,-0.000152990080071,-0.000308582202792,2.6020431239863e-06,1.82875068465468,0.07232661913485,0.14063509276220834,0.0019607352967073,-0.0001220127250855,0.0040434833248298,0.0414970358354073
81,Ial,-2.53629631561179,0.0137791917662329,0.03402098121019144,-0.0001373796677782,-0.000242803496853,-3.19558383805367e-05,1.2693409627413,0.209141134523127,0.3049974878462269,0.0009203433764141,-0.000490854488966,0.0023315412461164,0.0433731400110682
115,RTp,-0.301542716432665,0.764026284439085,0.8417528887684,-1.87315434070931e-05,-0.00013971768291,0.0001022545964665,2.99328191229853,0.0039812479117808,0.024233682941274436,0.0024889803407608,0.0008694662014473,0.0041084944850343,0.0396159212166292
120,RT,-3.40991131028598,0.0011574587896071,0.0041408868340399516,-0.0001635893613289,-0.0002572446701625,-6.99340522063187e-05,2.59662062622258,0.0117816571143728,0.050126264123060364,0.0016675144301034,0.0004138493615196,0.0029211795025577,0.0445813385099317
136,RTM,-1.93168601617226,0.0580472229102954,0.11286960010335217,-8.84114675730622e-05,-0.0001777442221594,9.21287288791582e-07,2.42734366690977,0.0181773531531998,0.0636207360361993,0.0014871420619592,0.0002913384785829,0.0026829456490224,0.043842774103198
154,TGvg,-0.0600994289151668,0.952272912197747,0.9591237964581625,-3.09034347850217e-06,-0.0001029773179024,9.67966312499212e-05,0.955495580897507,0.343098557160867,0.444757388912235,0.0006576793628737,-0.0006794024551964,0.0019947611853921,0.0338259773940598
79,35,0.611160372670766,0.543364286397526,0.6392521016441483,3.30731705518361e-05,-7.20481204298314e-05,0.0001381944743067,2.05663335568889,0.0440056848683989,0.10622061864785941,0.0014897954493163,8.26473430445367e-05,0.0028969435606499,0.0429698765179668
166,ELr,-0.811463532241979,0.420254642825198,0.5191748639053175,-5.01188395012899e-05,-0.0001704077243318,7.01700457332818e-05,3.62957774462733,0.0005822079769212,0.004528284264942667,0.0030008012177602,0.0013906204930462,0.0046109819478948,0.0424479613601376
28,ER,-1.46307800270223,0.14857987159396,0.2289484401501323,-0.0001094713958646,-0.0002550025047294,3.60597134460344e-05,2.09416129199098,0.0404080704969401,0.09924789244862481,0.0020974539169028,0.000149382100703,0.0040455257390703,0.0453723192335825
188,14c,-2.08392934927132,0.0413626834249393,0.0886769678034522,-0.0001173218681043,-0.0002273496385038,-7.29409736139586e-06,1.44710324761262,0.152987710174649,0.251979757934716,0.0010905475876507,-0.0003822783956493,0.0025633735755481,0.0419072715426935
117,25,0.696312931957474,0.488877692495337,0.5849818542679246,3.65228185054826e-05,-6.54185975724129e-05,0.0001384618029811,2.14898816565629,0.035612371050417,0.09232836938997,0.0015088392492653,0.0001442778437849,0.0028735365319874,0.0413164560693011
5,14r,-5.38164105460901,1.24125744861373e-06,9.14610751610117e-06,-0.0001941228049988,-0.0002642048561517,-0.0001240407542638,1.89318807398658,0.0630790101800738,0.1351254256484735,0.0009141231659585,-2.39915075035494e-05,0.0018522378338405,0.0386999973799973
224,Ri,1.75768684903601,0.0838177902339461,0.14487025472533893,5.64375289195939e-05,-6.39447170530295e-06,0.0001192695297413,1.79736141342086,0.0772283714461562,0.1461077297629982,0.0007725223010917,-6.85435749778938e-05,0.0016135881797967,0.0396142631686912
155,CL,-1.87936442639258,0.0649737668015888,0.12292334259760043,-9.30391378247701e-05,-0.0001896423398517,3.56406449979003e-06,2.13522293975162,0.0367671510138504,0.0935891116716192,0.001414969330467,0.0001218439176845,0.0027080947472321,0.0419726355568002
39,V4t,0.96810646837737,0.336814058413747,0.4448487563955149,6.99369166764351e-05,-7.06426302321983e-05,0.0002105164640157,1.49176911920453,0.140913501832784,0.23485583638797336,0.0014425607024079,-0.0004392297642693,0.0033243511748511,0.0408032860286536
23,31,-3.92252361750786,0.0002248976174532,0.0010495222147816,-0.0002102579035749,-0.0003144279622602,-0.0001060878444388,1.36708747340415,0.176614865419249,0.2809781949851689,0.0009809168422345,-0.0004134981182469,0.0023753318087573,0.0389361329580497
84,v23b?,-2.17765752715966,0.031309201091508,0.07069819601308258,-0.0001369216721706,-0.0002596223756239,-1.42209684711736e-05,0.642504746807255,0.521722211353875,0.6086759132461875,0.0005407643824155,-0.0011017008203143,0.0021832295884413,0.0399606343458901
141,V6Ad,-3.88392527938577,0.0002554742104618,0.001117699670770375,-0.0001283014322356,-0.0001924716462358,-6.41312180379822e-05,2.47870120008497,0.0159673009976044,0.0636207360361993,0.0010960590191697,0.0002370798887842,0.0019550381521747,0.0362412293510193
73,V6,2.53426790597212,0.0138513994927208,0.03402098121019144,0.0001065026289176,2.48669349236727e-05,0.0001881383231607,1.53834733461856,0.129135223018305,0.22047477100686216,0.0008653889242371,-0.0002273822083823,0.0019581600601904,0.0417900273290142
52,ECL,0.961405371771058,0.340143969924237,0.44504818494759985,4.25305016116864e-05,-4.38380475603084e-05,0.0001288990510491,0.518212048229906,0.60618494796809,0.6844023606091338,0.0003068672852093,-0.0008492575994312,0.0014629921734034,0.0375547170676954
195,TH,1.13343191204361,0.261468002603221,0.35539340159661104,4.06420029546804e-05,-2.94755333767362e-05,0.0001107595395053,2.36076609749172,0.0214491813801586,0.07112634077369702,0.0011331352538874,0.000194545577673,0.0020717249330373,0.0323305943675763
174,V2_or_v23b?,-0.697542843316369,0.488113445545897,0.5849818542679246,-2.8285664843169e-05,-0.0001074618858785,5.08905564367036e-05,0.264334061570806,0.792413589787126,0.8217622412607232,0.0001434821110097,-0.0009163666451452,0.0012033308704374,0.0407849372720877
112,36p,1.80137541668847,0.0765864700340919,0.13402632255966082,8.10481067713392e-05,-6.35179182196852e-06,0.0001684480056314,3.85802016518058,0.0002781955801397,0.0030708065561901535,0.002323551276029,0.0011536208014931,0.0034934817543531,0.0297612658458142
62,Iam,-1.46221111879848,0.148816486097586,0.2289484401501323,-7.42565874710988e-05,-0.0001730652531114,2.45520784719982e-05,3.63897184544753,0.0005650568851216,0.004528284264942667,0.0024737324449671,0.0011510848115387,0.0037963800824479,0.0402762733554611
116,AONl,-3.19325633882253,0.002226067817258,0.0070829430549118185,-0.0002449798864539,-0.0003949919302736,-9.4967842167334e-05,0.500633231703169,0.618430866653198,0.6871454073924422,0.0005141211203418,-0.0014939322569475,0.0025221745038747,0.0467723656724405
109,PEci,-1.84499753955971,0.0698937555959796,0.1285410568325992,-0.0001413407912895,-0.0002901548706376,7.47328851245918e-06,-0.570802073944174,0.570230702684887,0.6540734225423317,-0.000585337561833,-0.0025773550493166,0.0014066799317278,0.0511186873911289
172,V2?,-0.119616086589701,0.905180359641748,0.938705558146998,-7.83932793983833e-06,-0.0001356827880028,0.0001200041325165,-1.89390278054211,0.0629823183788043,0.1351254256484735,-0.0016614835631393,-0.0033727894370297,4.98223160167982e-05,0.0459600630070719
194,EO,-1.1709188917679,0.246185139946155,0.34094422404726354,-0.0001252333282928,-0.0003337522228534,8.32855669094138e-05,1.02756621734769,0.308211325815397,0.40707156239769415,0.0014711333891267,-0.0013200896339583,0.0042623564208007,0.047957875941959
11,24a',-0.82561606670367,0.412239260120514,0.5152990751506424,-3.99533468366298e-05,-0.000134644603061,5.47379096862152e-05,-1.26957873442688,0.209056950721184,0.3049974878462269,-0.0008224013104766,-0.0020899335167231,0.0004451308997668,0.0345347711232165
