D99,ASC,EC,MG,OLG,OPC,VLMC,L2,L2_3,L2_3_4,L3_4,L3_4_5,L4,L4_5,L4_5_6,L5_6,L6,LAMP5,PVALB,PV_CHC,RELN,SST,VIP,VIP_RELN
2,5278.3259644777945,18.07577924959415,251.22444648404016,6761.221388436446,834.6759890737865,995.809783348084,4756.866854533356,10951.553780490778,3682.7481556483435,11863.853313049216,564.9388731923062,9081.944373104683,11871.137522235,8393.03781204303,6224.356117046707,6438.177027084762,922.1801490727665,3530.884979065205,258.1908657287657,1846.8277000404585,4631.538372142617,1311.7535854960788,1075.1267902429263
3,4509.771663621172,10.696771220748444,159.12232909814085,6187.90260599271,771.8775485543373,666.4604730187905,6191.564019591082,13839.344738720614,3398.9860535107464,11508.152829384331,384.5125001869373,11080.542256292229,11066.676488075878,7087.3976248209965,4922.166374964651,5246.360433679118,955.5692675357637,3259.12173882194,217.0847026398408,1974.603038232823,4392.061549188058,1347.1149911744042,1143.838558345736
5,5157.211015695527,70.47363597930735,332.0008635686771,2799.6531760737653,1106.630399122498,1456.7320919523954,7260.175052300773,13310.293612480336,4623.085869382702,9342.57848328873,215.0317189928637,11888.927339283053,12435.13174075018,7999.446947316172,4335.46005192453,5345.39120353831,889.073628943224,3052.6360919412023,260.1636684538468,2306.792972832763,4749.023322232443,1429.7830628875754,1017.893435028396
7,8757.93973363489,36.5913156610831,1036.753943730688,8541.527797252062,1604.687015832269,562.9531787068996,9114.813504448915,5922.869777833464,3845.868363470237,5162.402267838396,161.4590855946319,7749.374268703586,6189.882274778653,11148.007758459626,7386.645508992126,11779.197529484663,1001.6456728365785,3201.9528382261115,171.30779110679094,1856.540106259272,4799.160377073784,1568.0630034171106,1071.0782549257135
8,4827.494387007757,19.755873734972088,414.3842544896424,4664.344169208828,934.7035036220713,586.5691328304852,5319.850413848011,13491.90535321566,4481.26290087511,11016.89282304525,332.9704871979023,11541.553342994825,12495.084605764818,7472.390657109358,4850.590575212462,5294.721363463873,918.7222500585874,3136.9530121349635,242.07990375252172,1782.8694825301438,4718.587873871607,1382.3671050622413,933.6854522895687
10,4421.632184181045,16.298590171950128,150.47212634767368,3803.132806012985,591.6461539726075,934.0470558254946,8733.762025625918,11082.441090523413,6259.077911596112,8104.710345360653,267.3566888168223,9723.46260116173,13113.272454573867,7104.742583453679,4984.397846553362,7340.397107847299,951.8094609752612,3256.0290117386144,179.18410999113897,1770.4709239786328,5394.048665597299,1573.778276233924,1078.6980237063112
11,6738.119116328667,18.7863986473793,445.13414428122525,7743.97319058718,1154.335139189751,470.8972374858784,5786.0582639657805,8936.364728968214,3634.9347171396585,10379.377593062854,575.1589503453395,7766.383873604951,12241.35828939468,6694.434496234007,5551.739102229232,8907.809909296084,1101.567401804822,3501.2151118008846,265.222550431818,2322.487468081911,4434.799867591924,1302.9485017379766,1319.4286221711725
14,5145.596602038111,15.4445646029585,230.25405097158517,3937.2758837933256,1118.5691294012042,316.99101566039275,7562.042679521408,11212.024418996669,4170.43115548972,9579.492303549692,228.24275999423028,11932.888810626988,12039.042122277022,8445.626883582496,4712.806892350422,6345.816880364323,991.6046691388976,2842.4503231446965,206.74811274025015,2068.026158716194,4751.58514419169,1560.0722644164894,974.9155878271232
15,6178.183227584499,33.22748684993554,375.80922897561527,8150.499083226711,1006.2117422795725,1663.23941918195,6344.810978314248,11852.3068878136,3725.0863324709353,9292.037838887389,752.696178048208,7861.134327540272,11900.380667706397,7108.972117915914,5407.047286959068,5068.263396853635,914.492228327775,3555.680001814772,158.7640395090177,1557.6183894892442,4794.713750836986,1012.2679468708894,1497.192995864328
17,6342.23300245548,45.01667876130051,200.502229433278,4710.465222352443,819.6842433281686,1174.4767337488631,6321.921219083723,13089.770990090465,3847.941790427337,9596.126121720745,462.47952677105394,9239.65893303454,12574.480514127505,7295.477351594899,5148.280648154574,5678.522342468014,939.8474791273826,3066.196781279373,126.24671234549943,2263.36954123654,4618.673167791461,1228.9745363096836,1389.0656333033558
18,5672.209479815697,21.1387657081622,427.9809590115944,5999.895519021934,1013.8750415111012,535.910650094023,5868.338389140195,11203.76870961331,4293.315073036363,10543.558429073384,389.9098216827496,10333.602407664051,9589.707085533071,9126.61804750755,6119.42075196522,6121.443077005541,1006.6644348957899,3287.361096522466,218.4649680698016,1957.711906190605,4874.025712726741,1501.5377537279476,966.5307813584872
20,4403.941199721702,2.2459631332199987,53.93047325079614,7960.126251284945,510.8214684295869,417.6579675457875,6073.214072964012,13083.535023412887,3519.310442350389,10555.537325027422,734.4700006792066,11640.093814264254,11205.491562008989,7576.339679645922,5011.92415642981,5300.558578733096,871.6793163766727,3417.340520388826,118.97030897589894,1289.5243496108396,4234.458181459144,1038.1107633203862,1070.637340400881
23,6140.981349690543,5.205351100931758,121.4956030793694,4933.272898563592,753.9644405216653,632.1801044301038,5702.19246454803,12868.15265205295,3954.4667147661166,9465.951611975555,478.8247429231005,9731.788850179895,13341.331598693874,7327.250192192384,5597.212810412354,5370.292409171312,906.22037585418,3299.1414500597257,183.9762984599078,1863.917325211383,4948.875877163856,1250.16734170235,1300.537420755148
24,6356.457695898273,16.16152778163021,256.85597290696626,5432.988823590787,1004.6944405889385,641.3480691172251,6415.169686063522,11484.64445357258,5005.484422783588,8777.826765274924,362.9773169935766,10703.601940469389,10788.303373548995,8219.268623894946,5286.850880530736,5929.923441037434,871.600468157825,3315.839596227172,184.4195884615927,1802.8621216883364,4989.477461214609,1169.7231686433277,1114.474968174109
25,7503.859253222188,71.76175765061112,521.7369721391068,7540.98754165136,1130.3010107617033,1254.653853665355,7416.51467086208,12398.20928750991,3781.830980964728,12928.168886220688,996.4721063523325,6840.175326173789,8835.949465696795,5999.612051948039,4555.177457063722,4009.6694211351637,928.741820932171,4279.489395294063,179.4017265059969,2108.0443732771078,4348.908967915736,1128.319630390754,1711.9280956559016
27,6368.783553478816,82.12351546704141,321.9971902048554,5038.406565037448,900.970620188133,680.8651031999235,5706.401961167705,11825.5381906453,5117.786986392931,8441.467317221086,402.8348142526983,7241.785894184886,14190.783025098372,7094.0920855429695,6637.364517413753,6541.774381881073,987.2034939426156,3114.801881019749,197.5424693400736,2048.293027917565,4924.570869172649,1063.6245667327337,1374.2319589915671
28,10271.78997681973,44.40625710500114,1225.4901960784314,5711.127207258614,2048.973675661875,3306.6796015325044,12917.297204448712,5684.697916798044,6746.835224421171,5930.094394467277,315.88245633829445,6880.14258633006,8021.862830599503,7701.940359122052,3627.049819458406,6646.676367816045,1521.1828738240424,4142.575528754113,200.17710449210483,2706.26457430668,4695.80514625636,1514.1985973442393,996.03824994583
29,5740.74787095515,53.44285339491677,264.0624385819643,5742.099550261142,1057.5251397735872,1072.2368630371254,4999.195323741358,12474.413537212526,3410.5515551394633,10458.829337734824,395.4933032325312,10238.76419109423,12420.467597294572,7065.062666140158,5549.495892476904,5597.547586414628,935.1203625907472,3505.4705613007254,273.97160363517577,1848.5808608784585,4760.346597465732,1143.5934501140046,1188.3337606920036
30,5029.419707011434,4.076906769296,311.7732558689502,10952.974219918622,811.3913872621857,121.57418276168232,4796.996260757556,10174.055305547916,3233.987342301692,11427.502317090237,1532.6621268415977,10074.464552326275,10510.321735353724,8384.06153323789,6067.244611055339,4590.138218956641,989.866101205458,3731.813722673101,135.14185903414648,1319.8320136475902,3994.1263864448506,944.8097697959911,1101.3738659833682
31,5752.70374535298,4.164201168133932,203.37298033117125,7408.820548331263,723.1812671793539,428.99720121130383,6386.1143211226445,12779.70289058357,4082.3621108007974,10785.799046451968,1218.4948886615334,10379.012604122749,10186.16059686795,7647.8972444080255,4942.654288340968,4197.84883296289,885.869060606113,3591.124560858875,132.7264796996543,1807.9684671220973,4268.222002501834,1089.4749992380875,1273.1921591132398
32,6302.9432537321645,35.472711066173886,273.95931751557896,11981.2678451362,1056.562080164285,125.53900180419257,3980.6645826464155,10497.244098557998,2441.242812347284,12436.870600624276,1242.5534200821216,8048.649417078679,10407.477162736976,6935.293407783724,5767.993316953677,6358.4001253661845,1082.9865609473657,3803.657986060647,216.9476050268566,1482.2800069074558,3939.169756545904,977.749080190542,1049.5720678634011
34,3091.0954250220702,6.524597801548882,40.25891495131965,5448.926959079579,474.6522647844257,344.52513239060414,5490.325452034036,12484.122622911404,4284.475796062595,11356.291038601885,429.05073524739663,17710.49597930583,9136.068722696671,8797.636607471348,4369.965312978163,5808.520232522989,741.8770287795113,3551.1507088360404,72.54863205432429,940.8619304505008,3822.201689428299,973.423079515796,703.3554011851184
35,5983.397935764063,5.893793835091649,307.94552043183774,6476.992754549586,1356.582567328471,129.62701221010988,7333.779469607089,14571.888938427957,3823.608905046524,10386.483473792712,359.43810471337605,11274.910405012368,8574.688651930628,5881.959119983572,4495.798226993924,5575.705760981946,848.4563545715536,3717.734121534612,181.1820859120591,1970.8231063755427,5013.983413828907,1188.6458951902653,967.7119456015432
37,5079.699805567967,9.67567326443855,401.578220186413,6454.690271830335,764.99705730857,887.5896005716512,4324.669825867814,12272.525802095844,3563.2254763928213,11753.892731157575,649.0307345675016,9834.749786597027,11863.68273754388,7886.596332868113,5753.781608313888,5539.327740396002,870.5212656146717,3862.2959370393055,230.42439921069405,1515.588589303354,4822.021467082235,1147.0131572204552,901.5274804013283
38,6028.398185362027,16.65297842303864,348.34883352831065,6466.310618790586,826.683675770247,653.7005136586322,6783.707441883597,12509.549411007358,4384.2142753000335,9572.787256982425,978.9349419812879,8899.896754918607,11043.41487584653,7762.696233609359,5624.10476238714,4742.610746783539,905.6044524705349,3464.8904359088165,143.80461008403842,1757.890180504026,4848.65986952426,1103.7032698650855,1336.0006102717784
39,4906.599625984536,3.985398439186338,253.9380552375732,6637.691200717551,590.0048580452043,500.45067432589695,6915.480516526835,13673.379659347771,3977.3806667047247,10973.838665531648,804.2274534995463,11783.49297981292,10562.83156377551,7074.5212475614335,4474.966510308421,4330.640046030079,869.2323813122264,3580.9825058254255,125.48457003359854,1548.5938749227096,4302.377008616048,1112.185989001,1278.627712280795
41,5219.891803839331,27.039208354874468,337.92709676462573,6761.557703048792,875.7524042418121,445.0340854962682,4429.507215265934,14712.089323199583,3148.365352077125,12053.752616354712,518.2007519332436,11179.166893541616,11519.337569186106,6746.966433440173,4532.252826760748,4886.154774560865,937.3683676709426,3446.9995861790603,265.55680537522755,1674.7013852094296,4279.866305017323,1157.026471424565,1132.2770522089652
43,6074.821517296789,6.984378533663822,161.83736729953583,8303.051738834463,743.7594712572001,1162.2101309967495,6514.924336150964,12506.89659959374,3591.2837006361137,10477.515821936217,1381.1848344854966,8747.211649670862,10428.262652135072,7069.386706131139,4523.915768495455,4317.222343538037,1005.8263354280315,3780.682403225241,128.80110435574224,1785.7829720390791,4755.527468580319,1276.3204571082654,1397.1755045914012
44,4136.428195999579,29.2014255107296,184.88054930408583,5357.10953136054,749.7410752882993,626.9767705221118,6773.294304284242,15052.321017073778,3571.5339861834564,10857.002181681702,390.2523089866056,12611.692447111538,12340.0930276231,5459.704685016201,4816.9285284359885,4388.702580607428,832.8835035284044,3343.7889505458297,170.5740377133653,1512.172380201779,4622.968960303663,1332.9563970464856,1046.9538202437109
45,5764.748873801095,46.50375653323459,528.5624801413121,3696.64815639603,1158.1380020012564,751.8251406664644,8080.973283265869,9812.367529888988,4542.233979995594,9073.98084137377,244.52233831852567,10444.591453471146,10727.594316504146,8642.081687582362,5518.533530686724,6755.264525880121,1017.3552707153826,3189.453273937685,270.94066267669547,2477.029051527291,5043.544526713101,1588.0000821396386,1081.5037213966934
46,5787.222564899177,18.719910867708226,196.39776867255628,5147.219694598456,785.3158142272227,1266.0194410933914,6019.6192632619395,13546.677673326083,4155.924121327827,11297.273390018903,602.3758653340401,9545.237997387228,11788.768741031656,6716.81137502262,4674.095895784174,4682.579897078777,776.103352316082,3746.935053691004,173.02353481435287,1742.5837529630887,5023.196693507748,1222.131322373738,1233.1089120435383
47,5836.443975589528,38.76682989060056,213.0501051298796,4981.318882419572,1076.179163038256,1030.6510342714214,5596.84266360722,13005.974393271006,3958.107506550499,10268.401739960622,368.7985635268582,9925.129167854742,11503.827337378098,7350.168745780625,5189.476855711962,5764.6506760888815,913.0876827998876,3576.649706878777,264.6805515742224,2021.3420070798104,4722.881467368154,1394.0668882593686,1211.125391270664
49,6390.243411614067,76.8565513348996,414.7112219808452,3247.250937692578,1075.437998085581,1192.7088844295392,9652.122640820806,7094.23372468282,4992.2158774587515,6440.574571836876,240.85729929043293,7789.008970254555,10984.157257580948,9834.036414008118,8237.912791275749,7558.231098375279,993.2114714637958,3481.3633458241407,205.50006572007382,2730.123298171584,5502.390592546896,1594.848762316519,1162.329119853256
50,5978.646815931348,32.16776766963019,226.74494824268564,7829.638857982367,858.0842437446454,1222.018604801167,6088.837682818521,12125.73304479347,3397.1697957537726,11517.507130199492,1469.3354618052133,8843.358369685815,10610.35474892036,6671.451557944066,4702.407144526224,4705.959098925724,897.239565153302,4193.808690516844,186.58099923460185,1650.5327574975822,4556.083360909196,1098.2878181857257,1252.9415820872402
51,6119.111121105325,13.644741340526318,265.5727506817962,7338.037218213856,773.572833126785,442.3912368650391,5534.244136263396,15424.328332935507,1652.567618707369,12609.92151898314,1175.8710200658272,9471.221724429824,10168.620491484284,6177.855548095821,4236.8389522939215,5349.436487916863,947.0720321610804,3507.0684623012794,235.1873803252272,2225.995331773547,4183.419707516032,1095.1670659086876,1318.2416562350072
52,7814.131590229892,0.0,362.13166151346496,9027.219067197062,1183.1196528630562,2409.577390835997,2156.804115800025,5053.790223660429,13197.552652745888,8799.924822342375,815.8740735136206,5627.201380351756,7587.921039348454,9053.972780588883,3776.954764877319,8922.921650203176,980.5786449688817,4970.755955737566,246.2080580646978,1778.7642389884356,4590.028114302346,1063.7581913762515,1162.043654043763
53,5616.31208314062,14.319507227738645,303.4745498339388,8695.261298525964,850.434959233122,430.63651517242846,5666.753108244439,10266.23394386416,3991.8230230604063,10348.07438658503,1037.4129212092191,11393.32215188315,10745.351083138352,7453.811906428927,5561.549194352818,4176.12250236336,892.3690105768754,4112.7606558020125,189.5230536625092,1444.6271982106816,4496.064861526617,1083.5172797051312,1338.8945035592674
55,4309.7910251278345,20.15353328081201,410.399223172899,5362.2361852445365,791.8092747868859,644.6926022000983,6268.819669018116,14036.371206893837,3814.774685973528,12274.813484768189,475.02262752894734,10768.854028169722,10946.504657437945,7711.20330089783,4631.3819023163205,4924.162637641927,998.3333435982253,3153.6675848874397,250.570807668042,1920.193570877641,4231.686197135587,1433.6546468117458,1296.8381396693965
56,4262.284642160452,13.594232671133,44.64363606130557,5618.216876408566,510.372028201355,332.15174763597634,7720.391868422255,13922.405504169075,3560.797627579962,9208.279997686916,703.463269926592,10519.560493067154,12640.409040374743,8485.425883703301,5939.115570061325,4485.011308302728,817.9560373376535,3047.7240705199124,73.60201695592586,1582.11872537441,4431.55655709319,1295.301565819412,1130.484897440341
57,5711.997803453143,98.0567783984662,379.9233925501741,6758.7111491025435,884.4488048139946,1026.435379713066,5027.630589825994,14655.021593863226,3225.2348302222654,13418.714690132014,709.3397276813043,9715.02246355732,10200.342309239457,6328.228316613179,4860.45801612859,4818.096428791054,1029.4362255526592,3372.306833214339,285.41747422047325,1795.954463015473,4159.224754945766,1329.7339302668286,1160.5777156625516
59,5322.518024103481,2.505888838771112,245.0550005610808,3335.795851295397,1186.5782490268623,730.3438518346195,8810.504559412468,12921.580416266115,4573.263750289693,10714.525461248304,267.41699839084373,12048.298462730048,11691.428251964662,6638.871883976736,4710.110027279324,3156.382868373424,901.3488289148714,3734.413071506901,208.99988852956213,2178.644839778391,4557.804105725724,1476.706259964255,1039.6040361434086
60,4356.992152296306,14.193804230049183,65.95815473298131,6463.144424823957,561.7064881233067,370.2210300671621,7519.28386949289,13991.785048087082,4449.1513115904845,10479.362615303686,693.9161575000962,11620.329110776298,10231.14737610614,7680.156826074937,4881.422986268171,4391.03890152642,838.6118350352574,3308.1937778805686,70.37438931466596,1455.349254269548,4472.248733778859,1160.0598849703042,1064.5495755163568
61,7225.46673743843,88.77334393708816,284.7456793894765,13717.22502777002,1137.1755536538988,675.0415858357723,4556.479751197311,10494.288894123692,3215.6487519451366,10285.864017239874,2151.335274706169,5695.558666724472,9955.765328863905,6325.399008724761,5905.570537191412,5474.630342883858,1081.667317797858,4184.726265311564,195.97451371745507,1649.758225014608,3893.019126538165,892.7001141181612,1079.4312980058116
62,5317.778989455031,0.0,160.5231866825208,5904.024569621757,911.3145889727748,229.42146811687243,2447.6735029210736,9315.827308974322,2971.850301778248,13779.000046972962,600.5285839678521,11438.452526454528,10614.32573998532,10123.651714835443,7752.682294233102,7029.80065964774,788.8763422984147,3484.958521033295,174.5713256782757,1283.849314425028,4479.495841971906,1045.4937733195422,625.2101118969616
63,6373.538896809157,14.127643208886209,337.06524336927464,7539.238902132551,996.0958023215586,663.7692785186792,5856.182897001466,12337.147386257118,4480.456015615807,9538.043852294257,601.8432660384708,10116.379264945866,11272.001187913518,6879.320705437909,5043.978107858879,4870.659716916273,816.9645995721687,3583.92471581199,197.4522684479427,1652.7621156812663,4741.512506822526,1061.139330743658,1162.7390988022385
64,6945.492327349639,55.887837606999824,291.0438931420157,4809.556506228139,994.4773146655231,758.5570896509281,6185.659169294753,11780.611518845417,4902.328591427844,7798.550905719715,384.75506304567136,8001.0695623734955,14133.810045159222,6965.608478249527,6310.854415587939,6243.457129876017,998.8680197334938,3046.891715191768,133.54822896824706,2129.330354770785,4796.939647629181,1066.1349705552293,1433.8607395855818
65,5298.090747255208,22.164136258511235,489.4543112563788,5839.810115622662,988.8242376397894,414.8678857115432,5758.4972203664365,12654.594081315574,4158.596755343646,10636.48037818296,348.5606472034372,10876.204547741389,11871.121410172009,7894.019277463514,5031.39365617515,5379.494559814916,898.393703084423,3221.442705068286,239.4490418557125,1819.2616766047488,4524.635447365314,1322.3314247140129,921.2651200566448
66,5560.712550568169,16.014037007339912,507.22279884232046,5578.358820219284,994.1939256525216,1534.8411507817134,5946.156790117961,11620.88459185068,4140.547138160147,10680.200018683328,473.94314754301246,9803.857516162136,11175.645359677528,7796.903170057642,5229.876039578614,5502.758169878228,940.6742972648552,3569.655820474995,236.23047975082105,2060.5020338000963,4711.497485633297,1357.9145006852827,1032.1656445131375
67,8597.571146897522,84.37580118472891,390.3035436978449,3221.504887687367,1033.9607279863462,1732.983273444336,5462.504290937646,3481.881359853275,16684.244291414605,5110.0626849498,439.5938916528027,5012.056630203085,7291.672962630318,11357.218845202182,4143.744837117931,13039.112067377751,1025.920892786726,3650.8337778853856,202.3426903029886,2282.010765357581,4479.619980967467,1787.2398990958573,1085.771133878719
68,5115.650699183454,20.513791579877548,265.79183164531185,5060.39402802822,841.3561432346543,1212.304362045192,5900.588390739428,13540.16825390941,3396.123648540899,9403.963427318316,433.231202374768,10217.664276511863,12917.443589251696,7444.5895316688375,5449.7715310552585,5712.4887960728865,922.6436686740524,3322.7902274603457,172.98047091960024,1662.745561682964,5174.258700768645,1194.2301472787003,1111.2819928654224
69,5486.496469753804,90.87808485640348,297.1695035019641,5178.2296338599,1088.4372340257205,748.9426024038842,3759.020708499604,10477.315143039592,4746.710788270867,11792.460182515011,492.0176952585442,10795.441008540558,12659.717158666272,8293.133000820697,5328.746750316615,5125.752780967565,885.1791733478617,4304.161222534087,268.11926012263496,1800.7346760026403,5380.283773111487,1022.7961918463872,911.3282299472536
70,10119.08883688331,28.38238163659908,1402.3548452567463,11101.339409935836,1936.770230405279,518.663036674285,5680.045140054612,4857.052799307677,3782.378123346632,6492.980493394103,502.6800986218672,7153.634316583992,7921.695383475161,13600.01441228045,3830.870161641221,7319.3303450651265,1171.1319374090874,3705.2745532229046,212.58660632209376,2900.4616530020894,4376.1670142869325,1270.3646222318305,952.7667735306862
71,6296.675615725186,8.480562443340903,326.3379072621395,8163.593847384572,999.1212391196597,549.6611042684065,4774.793224947082,10837.4279670631,3567.159205984917,11624.280686335416,1273.2117209267287,7576.829553110981,11738.698031009952,7243.302336987019,5972.872831073247,5820.973330716784,1065.3025896158988,3881.800492361506,213.18735285701263,1915.5672568044647,4329.370362470719,1065.0009221179682,999.1231521576066
72,5360.034028163991,20.22773053291641,219.09588430739004,5498.782562948296,769.9298617289134,593.2627588521729,5945.326129242615,12491.651421188377,4175.233922373999,13481.108473728593,605.813841187439,10800.95549256519,10720.59958206412,6871.198601358333,4185.13341832362,5013.918718389382,760.3255569790854,3959.404139684927,219.17341204965973,1539.8435334719811,4738.744060316814,1100.3343570471538,1058.02413628934
73,4935.53467465708,12.1371326167643,104.17821091287097,7587.232858864099,653.6074283158198,349.08846690025484,7800.633826935113,12575.768649713536,3271.550522056703,8757.696664627025,697.7090079753717,10122.00032027314,10275.427369313624,8510.561720171738,6773.8651827964,5612.0006646301,834.5955790465634,3246.809256660955,66.05862573979425,1613.4509967987117,4412.439194828512,1086.3920900996743,1085.7823588580177
74,6751.143056652969,22.118711285658485,805.1866611798579,5782.903836582073,1038.0662656094769,1500.526692528173,7755.18522859541,11260.403203016327,4437.065540992966,8614.999254976488,466.57398147071365,10496.302047476704,10925.351673309557,6988.348345181663,5164.181389554113,4327.401488595595,967.6010585569953,3582.4405500491303,148.96481999322123,1938.6253622355268,4640.93948967321,1302.641894254577,1474.666939558575
75,4585.410803876758,9.350439097504854,175.02777267880384,6939.029302218607,543.6073609084286,582.2672933231814,6996.594661085687,13552.207831126,3632.680527765732,10077.931665708942,599.1209855933093,11774.939558998574,10949.79221261723,7722.011348510564,4760.825368604662,4800.217625884045,851.046510818819,3315.8959405165638,105.34810122114663,1463.6164877140357,4484.443552844067,1209.2254179896709,1065.122235538791
76,5219.891803839331,27.039208354874468,337.9270967646258,6761.557703048792,875.7524042418119,445.0340854962682,4429.507215265934,14712.089323199583,3148.365352077125,12053.752616354712,518.2007519332436,11179.166893541616,11519.337569186106,6746.966433440174,4532.252826760748,4886.154774560865,937.3683676709429,3446.99958617906,265.55680537522755,1674.7013852094296,4279.866305017323,1157.0264714245648,1132.2770522089652
77,5446.52963532622,9.740631874692768,97.32322991713701,5902.961773548979,611.8337086466064,1377.217953241065,7241.018875223908,13711.191792645732,3729.511254675266,10250.564439334412,923.7074469842744,9794.884156493854,11782.822528301907,7367.165606614145,4459.91801209299,3865.771902161719,998.0335074492542,3475.027325147025,140.82531901960172,1931.27391480173,4372.1441653116535,1419.298439028946,1486.440535170541
78,6004.564513551588,13.248848803135822,581.7403686367038,4607.648497591639,1240.4079948221008,2260.4710163959903,8487.077928466859,9427.991735612475,3964.0492436783966,9815.90312391158,230.23702249569257,12619.19797532495,11080.628385867913,7797.965023128654,4347.696372783087,4541.902864613641,881.9052759681267,2997.926187607693,214.00322418272125,2161.793241492994,4699.690949037554,1464.979334348673,1035.4148713115137
79,6444.132546947317,104.45402683664996,570.3477715509055,8293.992562030326,1223.8431975588946,832.3486817036827,6379.901764282197,6212.559680133694,5620.845185571416,8088.316202204144,346.342869460253,6942.892176849613,10626.03722971268,7942.4264459807955,6062.181420086724,12058.365482739362,1188.8095009631834,3620.4509419521946,140.98319848822828,1738.0418082375884,4426.747044940071,1282.4898314599802,795.9813347321563
80,6312.5097077542205,20.67444007976896,398.5925439923197,8334.531077717427,858.5442391834832,912.215220876724,5236.843114030284,10523.255402441124,3351.502119863378,17713.278513218793,1248.7942814882288,7912.716333803176,7930.494197394589,6833.125033079988,4439.867221848865,5423.504030830634,803.2113297568314,4437.759218325548,163.259623583591,1435.8616079352585,3849.041729491396,903.7160411463732,1102.9628288278177
81,8091.091839006742,15.437943789171957,612.7134402531616,6474.328098462944,1368.9104587689928,913.5209492415946,8021.340734703259,10267.602925616437,4018.109311632164,7873.267439566835,202.36222724622277,8570.168487192826,8134.878334627421,9787.167673767824,6126.84893588798,6220.418374836486,902.3269318998784,3128.5975575282782,184.09895481662642,2202.964713497848,5150.920561196172,1219.8240207581853,1041.3757232224073
82,6267.409924321503,2.6509785567957493,98.48083199989226,6444.200674239157,837.1478591085717,1014.296396398265,6126.897986467365,11720.772979374502,3491.1855000403693,9231.53957929807,709.5561122664731,9454.506928158284,12569.715510642738,7663.3617700238865,5723.630265552832,5595.5449479333465,888.2991821066639,3134.897856780576,109.62765607157844,1887.1175241814312,4646.9886726151,1296.0864009029187,1261.572768920485
84,6342.23300245548,45.01667876130051,200.502229433278,4710.465222352442,819.6842433281685,1174.4767337488631,6321.921219083723,13089.770990090465,3847.941790427337,9596.126121720745,462.47952677105394,9239.65893303454,12574.480514127505,7295.477351594899,5148.280648154575,5678.522342468014,939.8474791273826,3066.196781279373,126.24671234549945,2263.36954123654,4618.673167791461,1228.9745363096831,1389.065633303356
85,6897.507789452604,127.45871507981995,307.1160453589907,6213.19173636289,966.7347442930086,517.4453759440349,6575.873926778749,12098.809177413292,5024.176434668719,8485.101632169393,700.394926307299,8117.011775277615,12486.350047695516,6531.156078113095,5529.703671887858,5399.76860852948,1025.1846914626892,3517.6620622995283,197.5432610981355,2086.2536791937832,4857.827708921555,1118.0142881900504,1382.879448523906
86,6298.3536239356135,79.22631406403671,223.62489059140168,8385.367588309966,1258.9627768120456,1978.2249649615048,2549.867763528572,3643.693393910069,17137.58166679174,8194.260715561133,535.5526096143562,4675.47939979798,7640.846518240046,10670.67949400838,3181.914578867584,14132.773830441864,987.0937136771736,4114.153242696329,155.46355205510108,1806.4116166394915,4000.00237159795,1075.7703275261622,736.2991060554729
87,6421.070439258407,11.783933898119578,302.5812179769886,3788.458551325374,1001.9696166993592,943.5591095175764,7753.853785023171,9825.252002993684,5109.397015021525,7381.862922143342,219.78351323759625,10405.837697406816,10506.77067166716,10042.61066262066,5526.109997750241,7091.539367855143,923.9069098142284,3042.989757401254,166.83538397529537,1917.497057421978,5417.727745819826,1329.13396687741,1092.5557548320182
89,5033.953667748248,1.1518580910831786,93.58846990050824,9490.479004642417,632.4675977652008,181.5337492743598,5898.006590952503,11359.582500943625,3531.925475458085,10619.5076188015,868.8277659208278,10870.296166203463,10209.17137287578,8532.0701385554,5497.493750370559,4742.687609326523,919.7633541986794,3327.0362330164835,84.057893804721,1616.3390298636998,4228.170678869305,1226.9836923158282,1162.405694445555
90,4492.651196850455,0.0,118.39252959813236,8211.232772110017,477.35751888975466,137.78119968406148,5482.939578884884,11027.115074191965,3250.99460202638,10712.041971953424,595.6023790489107,12639.455553022788,11046.492274649368,9193.03516455955,5662.598796864926,4979.897621110348,881.8170185029492,3368.738496439163,54.10447747177902,1437.7651059498055,4297.749397223168,1177.7487152340584,1103.4219410560536
91,5919.69974798444,44.5538267575317,335.42961633552085,7812.172057906617,1150.1643727774983,1500.308333752898,5496.9551287925815,12526.22350327376,3640.278799734187,8436.326482711025,1044.9751749066438,7978.314111908752,12570.969501345386,7469.603560218962,6335.1693939028,5057.686410539292,971.0068477526098,3754.1208635621683,140.8971266661817,1493.6178592330823,4638.312926168598,1007.2994246592584,1388.3081278478446
92,5339.657526065224,17.493344228862686,282.2763554840415,7498.206996661407,904.243194740064,1572.1081371949892,5502.575816975486,13168.114172376962,3659.771016055446,10269.328306590382,871.6504755535584,10762.767286263672,12085.837517165884,5801.32507830909,4978.429894316912,4323.887632114468,842.7833139815347,4091.071385012689,209.30305650414752,1318.7803959939315,4234.462582122373,1094.625460773434,1294.5835466887363
93,4205.382945702449,11.133369151017774,57.86521113722361,6910.822580085016,494.3124615473528,666.7301802938473,6534.778696476011,12565.71420342544,3884.585633811201,10167.340485202874,616.8153529216033,12469.004899272595,11170.810501875543,8524.094105357251,4971.658945372657,4857.828008577244,801.8449806148336,3286.499975264043,102.36057407516644,1251.099587844784,4448.923628235211,1154.495596602022,941.6983270984128
94,6448.092689168788,52.383983166816165,275.1563211273259,9298.823517187631,1050.4154386534674,229.0397498631096,4951.623596428188,13738.430523539027,2814.964732913944,14227.922768732904,1024.3939631502622,9042.5039674677,8938.225710077602,6426.268113528899,4794.732583822629,5393.224057514539,1000.2182214247802,3331.4475450748064,216.89670749704592,1717.9060009252603,3696.532714403685,1137.6656379313006,946.8148114358751
95,5124.340430212612,2.349159089930968,94.30163033661304,7661.124800355351,634.1121242160805,267.0523969001647,6231.10860588976,12249.25906752408,4149.5146479844425,11295.466367812674,905.1541192933157,11705.776147347018,9956.389060883092,7547.534627567636,4991.902205799506,4382.59250523501,885.4753995833483,3792.3778349313334,98.228644912717,1457.5535802192542,4493.59687642978,1073.3902728482483,1096.4264513745818
96,5254.789725955544,22.4899847459788,281.31068114901666,6499.868931395357,878.1711457605942,715.310356987755,5498.66169257535,14287.774706998576,3611.0254710781937,11234.582698630364,971.4688432101352,12279.808330126334,11237.742818300449,5677.8977869479095,4774.293958418949,3713.072232023967,831.5602883598084,3861.582140484904,231.6420784391644,1477.8533973413416,4325.495542767874,1219.820170997998,1254.4661630573512
97,5561.974854075827,40.83819141039759,138.74882492370324,5680.340500504793,694.3678547386303,1373.3628993818909,7636.056225939069,13633.912050139816,3996.620198568874,9834.398528458998,819.2674229848287,8049.173476776305,11373.808792213436,7175.669317999032,5665.197008110233,4930.538065158848,967.8879621569303,3232.313104022065,165.78304585430075,2011.6996087228877,4978.039117557574,1181.8196871798602,1409.1316808836966
98,5818.670638503383,32.875468422057466,389.2567462844283,5592.6476801177705,1023.4880202231104,607.0694979424333,6531.644933370529,9552.278445940145,4690.807212770316,9176.060124870486,326.1847921687714,9347.006247492807,11355.690319649058,8677.665571132084,6217.972552844496,7205.747542071206,934.4605854470776,3357.026349414091,201.64136699799235,2011.2587005180437,5036.600854236984,1307.1676811355733,919.711522647884
99,4602.990433225845,0.0,129.7678856174483,7780.534188284568,604.1524944630065,125.5222864153613,5928.992504201491,10498.684585731366,3761.7345594103417,10442.951292763511,790.7547343284922,10851.061021916596,11315.901327595126,8707.83970089151,6668.342631578364,5153.784078675523,915.418385199472,3581.700007758481,94.16593310877806,1517.5134925158382,4538.474616219018,1097.0162145088807,1062.1771405551572
100,6142.631934608449,17.43001179877722,302.50647776529297,6702.908152326286,959.4057623282595,389.960591224783,6605.506656608568,10176.684105784278,4931.59260537885,9435.84889956442,291.2768759101276,10332.483497532305,10342.31801624507,8271.540708372242,5499.149933934379,5964.397095838725,873.4748092258549,3578.479272026327,173.28572010122622,1796.5336787547567,5008.86215975945,1254.5814254825823,1156.9513206014612
101,6110.227811590117,20.10035515566635,221.72893713929236,4906.420172440287,1099.1375264121327,1352.6359909161488,5140.995131291114,13105.764810673774,3779.13092554632,9707.081553823951,516.4274893692991,10321.09579802968,11397.322751887335,7334.595626763838,5377.865293717148,4975.079632317751,800.8328942427629,3890.3582129954525,196.2320572125176,1884.3765293246447,5520.740578107968,1248.074700179376,1343.8205753760233
102,5903.339560614244,29.394473838918284,442.7172103409265,5665.727814934006,1161.5055979308408,385.4960114005337,9067.457159972684,7947.306467203293,4758.584091289871,7021.4736819414165,204.3768153250064,10771.533308073642,8548.440515996226,9529.78843222653,6572.620184810605,8002.980095827627,933.2771549583168,3291.1485453969017,180.34399174493484,1892.445036290505,5483.037435260056,1437.3665797008684,1237.1279625779714
103,5870.843001949486,40.10718156057453,235.5647347570425,5865.612782286369,1002.0974687796864,840.5580279032637,4263.327835364868,11490.047385788452,3681.2104672288506,12010.793682888672,1054.9444562849476,7506.1653829388815,12023.6634747385,7214.307931752449,7095.636380389596,6382.346714357961,1018.0870580375808,4144.522753335106,260.8628684124626,1749.8792610893013,4383.450856427112,997.8444330837864,943.6187028573758
107,5162.492232770606,9.094050672050344,204.03185866414128,4380.985804497196,914.8765296647456,1338.6630797536704,6421.046841930113,15793.066078313032,3620.291672339584,12314.53740128351,401.1775980404024,11981.494595256676,10452.237501887575,6814.935105439106,4038.5427346655433,3961.3623683898873,1146.1693822309294,3252.10392628119,272.9853274414919,2190.942688801864,4657.587375897091,1655.2084950695719,1366.344535410989
108,6169.031419618831,27.274253665363545,389.5923345980975,7877.514690264556,1175.887428812454,1051.3163210015762,4746.747253146291,12095.965909265611,3117.8867815704925,11421.897232272364,446.44713122499854,9558.3119549073,10683.174074475548,7857.86772418157,6129.23318610868,5853.4189622127815,723.547140900604,3387.5459566510767,186.382449793302,1485.9551394772702,4137.844785245198,1042.283267067066,767.3687864370149
109,5534.2046740521155,4.053917097395358,123.37055815316688,6620.161060056337,690.8626817689204,331.0729887350485,6854.5677200181135,12145.797248333523,3835.654041961039,10206.779318183038,757.4467718280822,10485.942650545903,11255.01325085728,7589.988944743367,4780.566442286748,4989.977215325561,1006.9568494413803,3292.7608021606043,132.56996483944468,2013.0273901767423,4847.459411493791,1369.868508368346,1358.7314806331467
110,5453.697543713503,23.52532040463551,602.3497780737126,3594.4877051542226,1299.7828449545952,1677.8109992447908,6163.140203611601,12801.77399762582,3344.7400779591294,11165.638580564633,316.19583563954046,13289.4897330031,13293.249639054142,6472.252809021679,3859.4846656753666,2980.787333312508,831.9208884924951,3488.281045814781,259.3436515461821,1857.4092537982328,4854.796630186464,1606.5606989844102,1196.7176622251047
111,5892.916688831098,21.83882943874208,50.1904128516288,8998.492501390048,770.1832630366467,169.76259706204902,6336.311338401421,12612.936246238734,3385.58771053594,9993.49577811602,1089.0494823624108,9128.735062301845,11501.561479112668,6947.3323964841065,5631.759500445575,4342.241890925687,993.008189332858,3698.519079979489,112.74623567761078,1627.2665209956515,4705.380205945223,1008.557803444866,1191.6677940182412
112,5099.971022891916,10.866415531729931,945.3781512605044,2977.397855694002,1253.259924659519,499.855114459577,6722.689075630252,14093.740944653724,2883.222254419009,11080.121703853956,380.32454361054766,12047.232686177918,13195.450594030715,5657.78035352072,5980.15068096204,4187.192118226601,789.6261953057085,3832.2225441900896,210.0840336134454,1716.8936540133295,4542.161692263112,1035.9316140249205,858.4468270066648
113,4767.651191095336,7.852727915383935,96.1811449087333,6630.687023047472,577.8220307799993,223.82842849982777,7204.582680099451,11566.56243967352,4172.804037190012,9464.190411713,669.4885385440408,11958.558173120697,11740.51819833904,8782.707775408284,5200.909503385073,4279.601415210405,914.9163114748513,3535.0874049117847,96.66009866479848,1560.9502970620194,4471.595626074946,1202.5268361311817,1015.7244058221823
114,4515.463941148665,12.595549047855211,324.01125973831665,6883.459051269034,679.7396562798992,469.1832324831336,4602.592886548201,12613.33406490233,3305.694533194608,12576.119508374544,457.1015917974101,11179.906218653405,12027.876974581672,7525.629832459341,4970.375002299124,5174.710073963665,913.8280907594184,3491.836323760564,246.36834983899888,1807.636975215768,4611.5391036984365,1251.3423778839524,1052.669795685403
115,6462.93865826902,50.389680193496375,1036.9207901707584,3927.4948058137097,1294.5762357486967,1799.7697442987744,8479.964209626662,11749.059938005032,3844.889458434957,9479.185597930216,297.60939083720103,11474.83839032676,11410.892195783152,6603.353611586841,4156.191705783718,4953.446273426152,924.8689775655249,3189.935734182366,195.73955790066665,2113.6188102750166,4816.558346216918,1324.8019692319317,1062.7200363929262
116,10119.08883688331,28.382381636599078,1402.3548452567463,11101.339409935836,1936.770230405279,518.663036674285,5680.045140054612,4857.052799307677,3782.378123346632,6492.980493394104,502.6800986218672,7153.634316583993,7921.695383475161,13600.01441228045,3830.8701616412213,7319.3303450651265,1171.1319374090874,3705.2745532229046,212.58660632209376,2900.4616530020894,4376.1670142869325,1270.3646222318305,952.7667735306862
117,6842.434578241342,48.46506143803918,341.27491900325725,2425.678373017397,1073.6838990077742,289.41958502193893,10706.162778114656,8501.433464460879,4680.170542522555,7587.967655246936,217.6235521789411,10236.50068313368,11736.45556641523,9809.817706198231,4754.254698231584,8608.05967276858,1371.6438665631183,2988.903413565603,200.33783443562967,3198.25329595324,5161.530833004873,1519.4582459406183,1143.675666011916
120,5978.343247854214,26.171159382360635,824.6570190002999,3720.161889904208,1043.7334611886336,793.3456193191074,7140.734930729714,11777.07417705853,4291.213918548826,11331.773683749898,446.8500493148927,11844.15492523634,11949.38720387381,6860.719174835174,4568.763942875648,4897.104576244476,759.9708954009724,3486.963958771368,199.9995205188453,1809.7886251255916,4987.750108371502,1224.1601398261892,1103.4112787038216
121,5218.818684315497,3.4094090167143225,142.2386190053493,4967.4702036485605,721.606645909048,736.3301981233037,6946.841157972744,12636.19194978068,4613.685797656045,8764.63154445777,528.9428947138022,10970.261179811572,12394.165451287565,8092.55113246962,5050.16608898442,4482.485812454111,952.92147680246,3174.0663256618263,119.4715315258812,2052.206258007237,5079.756433590317,1322.551025158292,1216.7969676594234
122,5688.48282280378,24.184838930870537,316.3867572959612,6720.134865680908,1004.7578022918824,904.9600720219472,6754.738457968939,12420.937535335004,4415.059777181168,8857.156331865712,541.0069635594162,10521.503514471136,12068.850900642106,6220.193410851084,5056.824899534354,4534.812453019089,865.6056998049513,3920.869408796666,187.6918421810845,1695.4014601427257,4890.703503384894,1162.5497901165345,1376.3047377098123
123,4395.169185376054,14.53962227208651,110.4302755770163,6922.36169351533,570.1890253734684,338.6737113037831,7562.559932430312,12889.234436064531,3834.9661011843377,9934.96500367134,698.7422168428625,11787.730743176522,10926.318923816834,8506.775397797097,5135.738966660498,4810.787240154756,857.1324035923433,3185.6273714863505,84.49864305100988,1383.6157050081772,4258.932374991009,1049.0834234844688,928.9554901102732
124,5059.752368560314,2.6249819532490712,595.6376319352227,9277.03510036898,952.4897940109026,402.89641013407737,3442.820504744117,11470.671260848809,2803.114978206964,13005.660797839066,723.0430873721988,10287.600814584115,10864.405629330407,8491.03125141806,5892.3136611501695,5718.441689677774,916.09402066906,3632.839849951844,241.3368987246848,1458.8242623086503,3692.132502272532,1030.325017393831,943.19541873679
125,5212.86663327246,18.593528307931717,231.45568764885405,6731.253744294434,740.1153665003868,620.1725279616037,6980.7281329750585,14061.669190256323,4055.540302909307,10458.974711656934,857.3329012124043,10630.52862444734,10978.545482953465,6324.9904700801935,4455.770196593907,4092.0580578268314,915.7332041630094,3935.938734755272,141.31644457111585,1552.1274901418744,4532.958821419576,1239.6332978534545,1410.9782287585244
126,5782.966873036332,6.6264856121823525,185.40593966893448,8101.275229568401,968.1802795247938,318.3901265697414,4123.316706733354,12039.376226849256,3136.1060079903546,13097.035990319468,1655.9835474217573,7886.269554799511,10784.217711502826,6746.3171712918,6278.744564901943,5556.289239751123,981.9906469277167,4469.769633310769,238.6450618949732,1664.944896104111,4177.116649762834,954.827811403913,950.8175564270382
127,5089.294115399761,26.427556044869377,356.4627300555928,6337.954287314708,848.5441564040075,507.2846554262414,4519.412252256629,14521.729445068511,3295.2634129586777,12274.316594785052,621.751803979461,11704.687402347818,11216.991785822092,6725.517329143647,4586.102120287816,4721.72945199776,919.0506858094495,3535.835360956464,285.59396447455737,1629.3031505529607,4342.424282560162,1140.26965616263,1091.0467674789786
128,5082.209647996688,38.92464189329458,276.3649574423915,7792.765115023903,864.0370894582103,307.37280631405514,4155.216176322171,8369.767052746134,3079.3255765540857,10158.67810076403,415.3104128659388,10836.339579587277,9795.74087272182,12213.934119040829,7457.905939829975,7815.083440314636,801.9909671841717,3173.430038093103,193.398050004117,1373.243831561827,4485.775738828854,1066.6644264808344,715.8597209777467
129,6551.2506111391795,15.036863394601951,208.32651060273594,6292.709220031308,1122.5895759464408,1025.2103616118188,7065.436314445903,15788.496867646141,3117.744142889942,11315.16837199264,648.9078243691793,7856.0044566000915,9625.651165196548,6397.142877980087,5306.7479537481,5258.981533815397,864.884271776792,3147.970490429422,199.2899792065252,2030.204889141032,4057.710232321679,1330.7887003641565,991.4275615707786
130,5758.512028351791,1.377726750861079,274.33534966317853,6639.013373715467,745.7156510106848,612.8594567106753,6531.3936430703725,12768.057835786523,4303.118388204377,9768.991003093945,953.0168119233393,9784.3819763114,11577.524183287776,7690.405569789739,5364.229595598118,4464.620579774914,949.0170786826602,3346.5758267084343,104.19926147970878,1775.6352854766685,4446.828930814832,1111.5564324124882,1203.279314491392
131,3951.989518695016,7.822053938262422,46.0907608911624,6534.355906268304,482.46372684021856,390.9509246187088,6843.046668975283,13333.093540409443,4092.682435755468,10195.800188516278,569.269553629071,12658.2581922948,10856.608176835956,8227.831560311333,5130.738062189313,4940.159061612194,807.1368694351036,3177.55360330368,84.81184312426825,1246.3314383013849,4447.779960498177,1127.763916383294,923.2970308936606
132,4793.767965323546,26.59365138463284,256.1547643371073,4867.682972350767,913.1876863164416,1219.3897820424188,8577.192443181926,12261.742573303056,4277.5908887716405,9185.027175056955,340.3511676675049,10566.223470223322,12024.82008932936,5693.782460152739,5741.6326978919815,5958.501354518836,932.9700334450732,3372.5334523616875,173.3550961035517,1751.845525299191,4998.634554862177,1340.6989762063336,1042.7243827631248
133,5466.34204170704,21.03542003729167,855.8612202557434,6343.160504815191,1096.8925412365886,396.1479516159813,5183.745269817814,12664.673076690406,3607.330460260236,12471.852682880452,511.6661226046371,9703.719071203184,10561.999489993188,8052.589853023708,5808.488423446567,5744.405565006098,924.9280477922565,3295.119786822793,293.0777108423579,1849.8355722932247,3687.8883525964484,1214.652508132929,1082.0253169656655
134,5484.125973952844,3.3454784338294776,256.07927943988574,7859.977896843236,792.4971901197537,304.0542372641172,6206.470300709135,11926.088850021835,4224.374532589334,10284.710169798238,1310.1482332995126,9510.72469247053,11452.297390271506,7497.410984427982,5652.880129435619,4268.511464155293,976.4887199654472,3704.9127629994023,128.11461236414348,1632.153544289214,4373.429421240367,1079.2748110085245,1261.3362789944067
135,5569.026745828593,21.73899305820398,570.100668419306,4602.853154036306,1242.097999008631,342.3821873993109,5091.649659169146,15650.903471944524,3744.3591291168423,10981.75144655131,396.8486302868228,11805.987216050597,12235.820174618582,6224.6127553313245,4638.345891142221,3345.99132562282,787.093769691281,4379.809643487566,207.8541532540386,1832.4140597280643,4354.426373552065,1094.8469144096052,974.9345477166215
136,6097.660457006532,50.200803212851405,828.3132530120482,5580.591659630617,1368.524561856034,616.9987271178555,8717.485111766537,9101.177035115406,4677.591846359153,9241.338100991705,191.5009460960401,11362.413506791747,9527.232913214775,7415.008051454715,5704.477412411176,6857.150781392828,993.9794355706014,3164.7453559156315,168.21706113761624,1971.215936546096,5350.039840678505,1235.82978756953,1021.3937694466846
137,5664.857980004917,69.71897240865371,218.2705917012203,7659.841029178085,783.8818717990006,762.1766148202272,5797.448900735441,13671.019635236897,3023.540076243199,15323.67664094127,1597.9777651097136,8708.130388827503,8361.872497242555,6466.272153009241,4166.597666012695,4905.820404465352,814.3253543944343,4250.343482732662,185.4731784001808,1567.636911363088,4089.3205168257655,957.8629974805636,1069.4985172770764
140,7249.967692364705,25.928459289512,506.06118732912506,3818.050591597656,1569.77153059378,1231.8865858776956,6642.462193097806,8481.793221045076,4454.056632193096,8565.780347273383,245.36574158648892,9634.110981324298,13779.920067217652,8201.970878347032,6091.17701233739,5013.575268115292,948.746114544008,3853.6247234803946,167.19263147424084,1994.1700176172485,5263.2346254416525,1332.793854702002,994.9646675200645
141,5326.644802082844,5.137479377845265,107.71984615920196,4838.757551027917,591.8182213118815,528.535823343702,7695.768414752117,15381.019876583263,4265.452232938546,11615.246851496277,1004.9853155412152,10050.722167255884,12519.803391038797,7438.25094077574,2988.6541684639237,2421.902691960396,972.4778583732899,3324.330612598423,92.5928508866603,2019.192162502915,4454.923706345178,1395.0323089640196,1341.972042617845
142,6487.126443059896,59.93248761153054,374.07509470490254,6219.235967376869,1224.0026289184534,1266.407671496877,7821.613002659615,10977.908384025306,4749.511821589012,6952.617817689262,239.7933633533132,8516.823463062792,12975.088655144324,6681.84325590189,5246.676122683085,5999.9190017994815,903.6149052594922,3347.0943575914757,196.3783282184013,1983.946633011224,5300.234709058069,1266.949636995246,1433.880310403887
143,6047.634724509535,15.911484546137835,142.6916325561763,7626.404340591663,914.7063423379439,467.6503253378205,5044.970478478595,15904.019702531265,2290.580665795392,15752.591753752424,1150.8306359035466,9166.669843492244,9200.543621119536,5953.978910485415,3766.0586818045563,4751.836610386269,813.8131176578495,3474.416831973648,229.612327193271,1822.6379430694467,3653.414402171572,1094.8824556564798,985.7394606753984
144,4209.035523181575,39.308410730761935,165.27964459661607,6642.740989382821,789.7060039364885,812.0967790156977,5037.302295572086,14221.595388287613,3058.735479326652,12139.332840455018,668.0990662584716,13992.791460677283,10786.18277684391,5533.947864304482,5102.776985455598,4255.829351315339,816.0981612785995,3730.7964674600457,251.03169941250988,1411.3854305509894,4241.147963536603,1293.818336377293,1027.2118597122785
145,5897.720672655855,11.75857743488406,348.76002402065376,7810.739672399815,1054.8634457315895,250.39931868117827,5916.61763229895,11159.3079632419,4600.38534445449,9451.316591044844,695.2916676119681,11416.72236003635,10768.491937842951,7084.463688223953,5441.441741297073,4514.138100258302,902.924836919567,3698.776077190109,202.95468235773012,1665.1546021970928,4761.74106539324,1205.5016659517598,1288.5769919966456
146,6484.264958754937,17.993954190804928,345.9063318812836,8294.054326086307,965.0088343521252,522.2933300811467,6270.466606350441,14715.920544143608,3987.305898006281,10735.953814626357,1636.8044523306762,7174.678017862806,9536.167864773512,5513.391115477745,5130.090554681232,4861.560128391318,1037.9663221246342,4112.0263517016765,293.58289181456973,1780.0265642450368,4525.324139772413,1094.9363744839886,1243.737856188803
148,6044.126924922976,3.235533927808767,185.11739041357563,7580.527780696686,889.0019596627503,433.5307099856429,3987.851115177389,13211.213619168053,2380.853399140697,12935.343810658993,1211.858712880776,9739.133361204797,11848.240691708204,6656.978351164572,4971.415256255866,4945.015928091581,865.3947604165993,3934.059882665634,239.87852953427665,1915.2843295467007,4254.553989110376,1062.4210710453908,1089.6461420542034
149,5831.62645934328,25.09590219768401,591.5859645806049,3552.550176348762,980.2443930036516,1163.932350012811,6405.583334741188,13516.56288432652,4077.689909806503,9725.152090922633,398.2801949528294,10650.845105362789,11784.03582310979,7163.667814881614,5193.544017313837,5254.258016621891,728.2023237642375,3390.709619910954,202.534788202803,2040.7731867643452,5506.379797209497,1256.2337939512154,1310.4107508289155
150,9205.206059688193,18.95542095133104,586.7720854248834,4422.206639761012,1436.5211026533368,24627.708692773307,6798.034558593045,11963.774692343866,6309.687081528093,10758.063941477456,420.92853734449017,8938.826065463867,10379.14773552015,8106.512444512526,6107.820627809135,5280.809635852919,810.2990143051642,5500.038810887189,269.3638593612501,2148.498337803195,4550.452728897049,1138.636885727973,1075.5962179963906
151,6037.576329844679,12.79146417825724,338.5910729798316,8112.950204839403,905.9906213657091,585.7602193538494,5460.781197546523,10856.535510185146,3701.3651647673832,14567.649470869364,1305.023781603381,8725.94523188055,8927.78240218496,7530.774557100043,4976.132164063203,4928.870655396594,891.1601968843613,4132.311525130026,171.32406748120965,1499.7118506594036,4276.787875143812,993.8797489443656,1205.31619093082
152,5924.537966786412,27.622339413615688,265.16152315113453,5967.339667835426,1097.5879133242445,1285.673605757498,6866.908158905572,12980.307029270158,4709.123342387908,8651.97066952841,447.470091268775,10253.651929299138,10937.658102773505,6912.215791903128,4792.963486888849,4486.924180443066,877.7545130304037,3595.4436709344677,194.5488955559952,1972.4409914992411,5137.715998481508,1343.483316104655,1420.7523368042223
153,6759.106891934913,12.30289260652708,322.73500728191544,10910.482168135452,1084.1407749161783,703.9872117195549,4241.182633166392,11072.46464801894,3073.2092498499915,11756.882927655312,1971.985845987581,7472.477250596305,10096.578858004656,6424.218932887145,5441.034339865247,5274.600837119043,1133.693797159981,4088.546590009169,232.75145369566889,1829.223373805489,4189.273105541583,1026.9159392803738,1128.4096572214476
154,4756.63231554394,11.233122946824697,356.6991920518876,4200.361880541002,925.9975881242063,1175.7018870299266,5419.903320707459,15401.397655279785,3862.347861497334,11800.830225751268,290.68144669991807,12429.438864205898,12268.82542428853,5798.091431645664,5126.872107498465,3601.475051494876,756.9186506862021,4116.259865441453,201.56963591533372,1603.3650543193903,4193.196530663446,1203.9610797115083,966.4991299418778
155,5787.598448606173,12.918031423260512,407.5408320803477,7871.881963142407,734.0387321884796,1464.0652323578074,5682.051785404748,12515.082220631071,3433.1793132933153,13594.668377746651,1161.4244003832057,8224.892231391961,9975.153785650758,6827.336828001661,4639.160562753738,4837.828645317811,862.4380795519405,3955.957033887244,172.9689745880799,1559.564760686256,4295.69933857654,1075.821140543498,1254.3277919184798
159,5628.737802640208,10.1495565425677,219.0591556955558,5905.1107734489215,889.8513107005325,530.2627588639785,6677.351739819675,12590.84985494214,4832.7113092036925,9372.087859305637,635.3146293142765,10633.530965913344,11023.571489404632,7414.287364474232,5289.584062273232,4463.960645623603,880.1595070224619,3486.9300323151683,167.23152282956593,1863.627349531204,4999.95448579242,1252.6871626241664,1348.2352140176104
160,5325.679382460034,11.40702259396264,258.3753039167602,7219.375616601819,944.2564500095608,352.4998425902943,5635.50427329566,13098.3830882207,4046.40969074504,10489.325797500776,779.3661331366866,12036.479905813128,10698.588383929306,6352.367796200423,5199.049402837671,4271.9722136553655,851.5771695742848,3865.0570340488766,181.4284129033862,1527.8725745208556,4564.996691837291,1181.9654751369196,1248.4744467872938
165,5727.519167488274,9.692687943911643,309.3790127972437,7494.370127154889,1098.3745378715582,285.2882066498762,5325.5721668791775,12230.364883623317,4061.868537916753,9927.442512779222,562.4292074819073,11640.3429427669,10833.973345289052,6831.463367293402,5713.952253157127,4633.945606171636,827.5721369281373,3676.589648505356,212.30642707368327,1509.3070184987953,4753.813604838197,1295.8321331693005,1236.2851757983651
166,8890.561544373335,52.86681312599238,1519.8784097272217,9929.298511358937,1389.536948619933,754.7004320274507,4224.488592890928,6238.434035323537,4758.325640818897,7985.929802006202,452.60288305904885,5913.72986777499,10686.660148785106,7919.094915980949,6583.375630622935,11043.16164990829,1085.7380473208798,4521.508818524093,272.68860962165496,2208.501715297798,4930.995750689212,1072.593885920627,930.777252999186
172,3951.989518695016,7.82205393826242,46.0907608911624,6534.355906268304,482.4637268402185,390.9509246187088,6843.046668975283,13333.093540409442,4092.682435755468,10195.800188516278,569.269553629071,12658.2581922948,10856.608176835956,8227.831560311333,5130.738062189313,4940.159061612194,807.1368694351036,3177.55360330368,84.81184312426825,1246.3314383013849,4447.779960498177,1127.763916383294,923.2970308936606
174,3951.989518695016,7.822053938262421,46.0907608911624,6534.355906268303,482.46372684021856,390.9509246187088,6843.046668975284,13333.093540409443,4092.682435755468,10195.800188516278,569.269553629071,12658.2581922948,10856.608176835955,8227.831560311333,5130.738062189312,4940.159061612194,807.1368694351036,3177.55360330368,84.81184312426825,1246.3314383013849,4447.779960498177,1127.763916383294,923.2970308936606
184,7252.170726750845,104.96548787222028,532.9109294777575,5889.362150967254,1058.1229683180363,1300.4301816681584,5534.406553827013,13151.715285534536,5412.12060541764,11315.378958712348,782.5442097000091,6790.660079597282,11586.53058127243,5786.125118401423,4305.578743110519,5123.519385784685,1113.5117004876688,3450.239101365838,179.503709990541,2585.417536110393,4516.937681475531,1090.8716746887335,1495.6997529792445
185,6364.784248611163,10.541990064174364,383.12995924089074,4159.62663769127,1148.3488365114051,879.8599916044116,8474.924112444754,9268.193836846594,3968.373265983511,6683.281177277233,258.78467724328414,7846.530249146738,13975.077673099751,8120.573177732413,6682.570271377929,7739.153067345692,989.0058106157647,3083.936609713649,171.22519706856966,2695.7917967957005,5232.179216867921,1184.63968599336,1172.1515531869743
187,6425.8083049120005,9.845149857245326,424.2012288172777,5832.4476182642575,984.0291983016614,513.7408703025397,6940.713157124626,10613.932551925984,4239.5509994673885,8578.373978533038,470.3758952876294,8566.47803271501,12826.37065454771,7472.977041856944,5388.423129092744,6865.61287875653,1022.8360678794678,3243.1433079474964,170.10852080120776,2336.930095153632,5057.886381096191,1234.264549873248,1077.0965188902462
188,6496.837928371399,23.25581395348837,410.69298918136127,2374.395626644117,1465.9347961416572,1746.846875910219,8828.230708289811,9076.67825414838,4532.996059431881,8750.950649704344,336.4631428360068,9948.879845866868,15359.488146299143,10310.470223453647,4950.5101234511485,6334.459521662399,1005.6334232101932,4029.048215978063,210.80311254408647,2656.283991822987,4896.81967603399,1351.3837761878362,1016.6241919743142
194,8994.352674421685,63.57279084551813,1126.9722013523667,3704.166085959846,2441.970051482484,7263.693789625814,20062.893945317654,5711.671445715777,5911.730933634264,4031.559087855008,351.31095170698416,5629.714884905989,5971.346917649574,8208.857443951503,2798.405105038227,5515.599145795525,1470.99432521915,2922.738735176451,391.6467012323415,3285.7408474063895,4225.37803522674,1870.129609086926,1300.6233216915964
195,7421.327514684787,74.70553033510738,388.2172968711607,5662.626851043307,1143.1740332011252,1149.2766897423664,8054.070522453254,9419.945146186492,4898.631808138866,6838.490588931484,229.4622375973594,7856.321241518865,11892.634605416928,8708.623259158088,5440.931435189684,5675.010749621885,1036.453490506103,3596.689600285845,197.04349842951368,2649.394039895975,5167.829508019968,1410.4229637210676,1621.920141152617
218,6682.867088812291,3.4666851556541634,428.4679379505016,6162.354813868738,1301.6875539849134,247.79625218750766,8645.25677869185,13164.881647921937,4697.309985420562,9851.024931386686,303.8561206906342,10711.714438210403,7895.274319548303,7383.436103996959,4915.288078079257,5084.132326043062,870.6327826584776,3488.2786889198987,168.06249360746196,2115.191768016862,4752.021554536299,1144.4291735133916,949.6301623423332
224,8049.24107917242,78.28099958449576,452.83673766236285,9678.612771255865,1496.784513220657,460.4776789958681,5210.699203643728,8718.883398641301,3728.2948984550944,11143.604898234827,832.3088361848122,8371.894934035729,9179.498448428069,7912.746048189751,5645.50028562694,5046.941514561659,1066.3901659767878,4316.280426762104,244.537171253618,1908.3911277683203,4664.6169869222,1038.5792860018416,1268.6394032504986
